date_time,time_min,A1,A2,A3,A4,A5,A6,B1,B2,B3,B4,B5,B6,C1,C2,C3,C4,C5,C6,D1,D2,D3,D4,D5,D6,temp,p [mbar],Salinity [g/1000g],T_internal [Â°C],Error
13.02.17 12:18:11,0.03,9.28,8.8,8.2,8.8,8.1,8.78,8.73,8.7,9.14,8.93,No Sensor,7.73,9.31,8.9,8.96,8.95,8.04,9.16,9.36,7.77,8.9,8.72,8.8,8.9,20,976,0,18.88,
13.02.17 12:18:26,0.28,9.36,9.01,8.3,8.9,8.23,8.9,8.75,8.75,9.14,9.01,No Sensor,7.75,9.28,8.82,8.91,8.96,8.05,9.13,9.34,7.73,8.8,8.59,8.64,8.86,20,976,0,18.89,
13.02.17 12:18:41,0.53,9.34,8.83,8.3,8.78,8.13,8.86,8.68,8.65,9.23,8.96,No Sensor,7.7,9.28,8.85,8.9,8.83,7.99,9.13,9.28,7.86,8.77,8.49,8.65,8.8,20,976,0,18.91,
13.02.17 12:18:56,0.78,9.33,8.96,8.33,8.9,8.23,8.85,8.86,8.83,9.18,8.95,No Sensor,7.8,9.44,8.8,9.05,8.93,8.12,9.13,9.26,7.83,8.82,8.64,8.72,8.95,20,976,0,18.95,
13.02.17 12:19:11,1.03,9.31,9.08,8.28,8.86,8.23,8.95,8.88,8.78,9.24,8.96,No Sensor,7.86,9.48,8.85,9,8.98,8.18,9.05,9.31,7.85,8.77,8.77,8.67,8.93,20,976,0,18.97,
13.02.17 12:19:26,1.28,9.34,9.01,8.31,8.82,8.17,8.86,8.86,8.9,9.31,8.93,No Sensor,7.91,9.49,8.78,9.11,8.91,8.13,9.05,9.26,7.85,8.78,8.83,8.64,8.93,20,976,0,18.98,
13.02.17 12:19:41,1.53,9.29,9,8.34,8.9,8.23,8.91,8.96,8.95,9.36,8.96,No Sensor,7.91,9.46,8.83,9.16,8.93,8.25,9.13,9.34,7.96,8.78,8.86,8.65,9,20,976,0,19,
13.02.17 12:19:56,1.78,9.34,9,8.36,8.88,8.31,8.98,8.9,8.96,9.34,8.9,No Sensor,7.93,9.56,8.86,9.16,8.86,8.21,9.05,9.33,7.94,8.77,8.83,8.62,9.05,20,976,0,19.02,
13.02.17 12:20:11,2.03,9.33,9.06,8.39,8.86,8.26,8.93,8.95,8.95,9.33,8.91,No Sensor,7.91,9.61,8.85,9.21,8.91,8.23,9.11,9.28,7.96,8.77,8.88,8.64,9.08,20,976,0,19.04,
13.02.17 12:20:26,2.28,9.23,9.01,8.42,8.8,8.26,8.98,8.96,9,9.31,8.9,No Sensor,7.99,9.66,8.83,9.16,8.88,8.25,9.11,9.36,7.99,8.73,8.85,8.67,9.19,20,976,0,19.05,
13.02.17 12:20:41,2.53,9.31,9.1,8.34,8.95,8.28,8.98,9.05,9.03,9.43,8.9,No Sensor,8.07,9.63,8.8,9.33,8.88,8.31,9.18,9.29,7.99,8.77,8.96,8.7,9.1,20,976,0,19.09,
13.02.17 12:20:56,2.78,9.29,9.03,8.46,8.83,8.28,9.06,8.98,9.06,9.39,8.96,No Sensor,8.04,9.66,8.78,9.26,8.93,8.31,9.14,9.29,8.04,8.78,9.03,8.64,9.14,20,976,0,19.09,
13.02.17 12:21:11,3.03,9.33,9.11,8.42,8.93,8.34,9.06,8.93,9.06,9.46,8.9,No Sensor,8.02,9.81,8.82,9.28,8.85,8.36,9.08,9.41,7.99,8.85,9,8.73,9.19,20,976,0,19.09,
13.02.17 12:21:26,3.28,9.29,9.14,8.44,8.9,8.41,9.03,8.98,9.1,9.46,8.93,No Sensor,8.04,9.71,8.82,9.38,8.93,8.34,9.14,9.33,8.05,8.77,9.14,8.67,9.14,20,976,0,19.11,
13.02.17 12:21:41,3.53,9.26,9.03,8.42,8.85,8.36,9.03,9.11,9.03,9.44,8.96,No Sensor,8.02,9.78,8.83,9.28,8.85,8.34,9.11,9.29,8.01,8.77,9.1,8.7,9.23,20,976,0,19.09,
13.02.17 12:21:57,3.8,9.23,9,8.41,8.82,8.33,9.05,9.05,9.1,9.46,8.9,No Sensor,8.15,9.78,8.88,9.34,8.85,8.42,9.08,9.26,8.02,8.77,9.05,8.65,9.18,20,976,0,19.11,
13.02.17 12:22:12,4.05,9.26,9.1,8.47,8.88,8.38,9.01,9.11,9.13,9.49,8.91,No Sensor,8.07,9.8,8.88,9.39,8.96,8.41,9.13,9.29,8.13,8.78,9.06,8.65,9.26,20,976,0,19.11,
13.02.17 12:22:27,4.3,9.21,9.05,8.41,8.78,8.31,9.05,9.06,9.13,9.46,8.91,No Sensor,8.1,9.81,8.85,9.41,8.9,8.46,9.11,9.31,8.18,8.77,9.11,8.59,9.24,20,976,0,19.11,
13.02.17 12:22:42,4.55,9.28,9.06,8.42,8.86,8.38,9.08,9.06,9.14,9.48,8.95,No Sensor,8.12,9.76,8.88,9.41,8.95,8.51,9.1,9.38,8.18,8.77,9.06,8.67,9.26,20,976,0,19.14,
13.02.17 12:22:57,4.8,9.26,9.11,8.41,8.82,8.36,9,9.11,9.13,9.53,8.91,No Sensor,8.04,9.81,8.82,9.41,8.88,8.44,9.11,9.29,8.2,8.75,9.1,8.64,9.31,20,976,0,19.13,
13.02.17 12:23:12,5.05,9.23,9.13,8.49,8.86,8.34,9.01,9.13,9.18,9.53,8.91,No Sensor,8.15,9.88,8.78,9.46,8.91,8.47,9.08,9.24,8.15,8.75,9.13,8.67,9.34,20,976,0,19.14,
13.02.17 12:23:27,5.3,9.21,9.29,8.42,8.78,8.47,9.05,9.18,9.34,9.49,8.93,No Sensor,8.1,9.78,8.86,9.44,8.91,8.64,9.1,9.23,8.21,8.86,9.1,8.64,9.44,20,976,0,19.14,
13.02.17 12:23:42,5.55,9.26,9.08,8.47,8.8,8.36,9.05,9.14,9.21,9.56,8.91,No Sensor,8.12,9.81,8.8,9.46,8.9,8.52,9.06,9.29,8.21,8.7,9.1,8.62,9.36,20,976,0,19.14,
13.02.17 12:23:57,5.8,9.26,9.14,8.51,8.86,8.41,9.06,9.21,9.26,9.56,8.88,No Sensor,8.15,9.91,8.83,9.48,8.91,8.54,9.1,9.33,8.2,8.72,9.14,8.62,9.34,20,976,0,19.14,
13.02.17 12:24:12,6.05,9.21,9.13,8.46,8.86,8.46,9.19,9.23,9.24,9.58,8.9,No Sensor,8.18,9.93,8.85,9.51,8.9,8.55,9.11,9.31,8.25,8.73,9.14,8.67,9.34,20,976,0,19.16,
13.02.17 12:24:27,6.3,9.29,9.23,8.52,8.8,8.39,9.08,9.21,9.28,9.59,8.91,No Sensor,8.2,9.86,8.77,9.49,8.9,8.57,9.08,9.28,8.18,8.7,9.18,8.65,9.36,20,976,0,19.18,
13.02.17 12:24:42,6.55,9.28,9.23,8.55,8.88,8.52,9.1,9.26,9.24,9.63,8.93,No Sensor,8.23,9.9,8.83,9.51,8.91,8.59,9.13,9.31,8.28,8.72,9.18,8.62,9.34,20,976,0,19.18,
13.02.17 12:24:57,6.8,9.29,9.26,8.6,8.85,8.46,9.14,9.29,9.31,9.66,8.96,No Sensor,8.23,9.95,8.8,9.54,8.95,8.65,9.16,9.33,8.25,8.8,9.19,8.72,9.51,20,976,0,19.18,
13.02.17 12:25:12,7.05,9.29,9.29,8.62,8.98,8.47,9.21,9.24,9.44,9.71,8.95,No Sensor,8.25,10.08,8.8,9.68,8.93,8.72,9.1,9.33,8.28,8.82,9.18,8.67,9.41,20,976,0,19.2,
13.02.17 12:25:27,7.3,9.29,9.19,8.55,8.83,8.47,9.11,9.23,9.33,9.68,8.91,No Sensor,8.28,10.01,8.75,9.49,8.86,8.6,9.06,9.24,8.31,8.68,9.26,8.65,9.54,20,976,0,19.2,
13.02.17 12:25:42,7.55,9.28,9.33,8.59,8.8,8.51,9.16,9.38,9.38,9.74,8.91,No Sensor,8.28,9.98,8.9,9.58,8.95,8.67,9.19,9.33,8.28,8.8,9.28,8.67,9.54,20,976,0,19.22,
13.02.17 12:25:57,7.8,9.28,9.18,8.59,8.82,8.46,9.08,9.29,9.26,9.63,8.82,No Sensor,8.25,10.01,8.85,9.51,8.88,8.67,9.11,9.34,8.21,8.68,9.26,8.64,9.48,20,976,0,19.22,
13.02.17 12:26:12,8.05,9.31,9.34,8.64,8.86,8.51,9.18,9.33,9.29,9.74,8.95,No Sensor,8.36,10.05,8.86,9.64,8.98,8.7,9.14,9.29,8.33,8.78,9.33,8.68,9.58,20,976,0,19.23,
13.02.17 12:26:27,8.3,9.24,9.23,8.67,8.9,8.55,9.16,9.34,9.34,9.71,8.91,No Sensor,8.34,9.95,8.85,9.61,8.95,8.68,9.19,9.31,8.36,8.77,9.31,8.68,9.58,20,976,0,19.22,
13.02.17 12:26:42,8.55,9.19,9.26,8.62,8.88,8.51,9.18,9.34,9.33,9.74,8.95,No Sensor,8.33,9.96,8.82,9.68,8.93,8.75,9.16,9.34,8.36,8.8,9.36,8.65,9.56,20,976,0,19.22,
13.02.17 12:26:58,8.82,9.18,9.24,8.59,8.86,8.52,9.21,9.39,9.36,9.76,8.9,No Sensor,8.33,9.96,8.83,9.64,8.86,8.73,9.13,9.29,8.36,8.73,9.36,8.67,9.56,20,976,0,19.23,
13.02.17 12:27:13,9.07,9.31,9.33,8.55,8.86,8.54,9.16,9.38,9.44,9.68,8.9,No Sensor,8.31,9.91,8.9,9.64,8.91,8.78,9.06,9.24,8.44,8.73,9.31,8.72,9.56,20,976,0,19.22,
13.02.17 12:27:28,9.32,9.26,9.21,8.67,8.91,8.54,9.23,9.33,9.46,9.76,9,No Sensor,8.44,9.96,8.88,9.69,8.93,8.83,9.18,9.41,8.28,8.83,9.36,8.77,9.58,20,976,0,19.22,
13.02.17 12:27:43,9.57,9.31,9.34,8.64,8.82,8.49,9.26,9.34,9.36,9.78,8.86,No Sensor,8.41,10.1,8.86,9.63,8.95,8.77,9.18,9.33,8.42,8.68,9.29,8.73,9.64,20,976,0,19.22,
13.02.17 12:27:58,9.82,9.28,9.29,8.72,8.88,8.57,9.26,9.41,9.46,9.83,9.01,No Sensor,8.46,10.01,8.88,9.73,8.91,8.85,9.21,9.38,8.39,8.82,9.34,8.77,9.68,20,976,0,19.22,
13.02.17 12:28:13,10.07,9.33,9.26,8.59,8.75,8.47,9.1,9.31,9.36,9.81,8.95,No Sensor,8.38,10.05,8.78,9.53,8.88,8.7,9.1,9.23,8.42,8.8,9.36,8.62,9.53,20,976,0,19.22,
13.02.17 12:28:28,10.32,9.19,9.26,8.6,8.83,8.54,9.18,9.43,9.43,9.8,8.9,No Sensor,8.39,9.96,8.8,9.64,8.95,8.77,9.14,9.31,8.47,8.73,9.38,8.65,9.61,20,976,0,19.23,
13.02.17 12:28:43,10.57,9.26,9.28,8.64,8.83,8.57,9.18,9.38,9.43,9.8,8.96,No Sensor,8.47,10,8.88,9.66,8.93,8.77,9.13,9.26,8.36,8.72,9.33,8.62,9.58,20,976,0,19.23,
13.02.17 12:28:58,10.82,9.18,9.33,8.7,8.88,8.62,9.28,9.44,9.48,9.91,8.86,No Sensor,8.42,10.01,8.95,9.73,8.95,8.83,9.18,9.29,8.36,8.77,9.34,8.65,9.61,20,976,0,19.25,
13.02.17 12:29:13,11.07,9.23,9.39,8.7,8.83,8.51,9.28,9.54,9.48,9.88,8.9,No Sensor,8.51,10.12,8.88,9.66,8.93,8.83,9.19,9.39,8.44,8.72,9.31,8.67,9.74,20,976,0,19.25,
13.02.17 12:29:29,11.33,9.26,9.48,8.73,8.88,8.57,9.21,9.49,9.49,9.98,8.98,No Sensor,8.54,10.22,8.91,9.71,8.98,8.9,9.23,9.38,8.39,8.75,9.29,8.7,9.73,20,976,0,19.25,
13.02.17 12:29:44,11.58,9.28,9.33,8.67,8.85,8.54,9.24,9.53,9.49,9.86,8.91,No Sensor,8.51,10.13,8.88,9.69,8.9,8.8,9.23,9.29,8.42,8.75,9.34,8.62,9.71,20,976,0,19.25,
13.02.17 12:30:00,11.85,9.21,9.33,8.65,8.77,8.59,9.24,9.46,9.46,9.9,8.88,No Sensor,8.47,10.05,8.88,9.69,8.88,8.77,9.16,9.31,8.39,8.78,9.34,8.49,9.61,20,976,0,19.25,
13.02.17 12:30:15,12.1,9.31,9.58,8.7,8.85,8.7,9.18,9.56,9.56,9.9,9,No Sensor,8.54,10.01,8.96,9.81,8.98,8.86,9.23,9.33,8.42,8.83,9.44,8.7,9.61,20,976,0,19.27,
13.02.17 12:30:30,12.35,9.29,9.31,8.7,8.88,8.52,9.29,9.51,9.44,9.91,8.93,No Sensor,8.47,10.12,8.9,9.63,8.85,8.82,9.11,9.24,8.34,8.73,9.31,8.55,9.61,20,976,0,19.27,
13.02.17 12:30:59,12.83,9.26,9.39,8.72,8.9,8.67,9.34,9.51,9.49,9.9,8.9,No Sensor,8.52,10.05,8.82,9.68,8.86,8.78,9.14,9.31,8.44,8.77,9.38,8.65,9.71,20,976,0,19.27,
13.02.17 12:31:14,13.08,9.31,9.44,8.65,8.85,8.64,9.31,9.56,9.53,10,8.96,No Sensor,8.6,10.07,8.88,9.73,8.95,8.85,9.16,9.33,8.42,8.85,9.43,8.62,9.61,20,976,0,19.27,
13.02.17 12:31:29,13.33,9.31,9.34,8.7,8.83,8.65,9.23,9.51,9.54,9.96,8.93,No Sensor,8.57,10.05,8.83,9.74,8.9,8.8,9.18,9.26,8.41,8.82,9.36,8.62,9.69,20,976,0,19.29,
13.02.17 12:31:44,13.58,9.31,9.36,8.68,8.86,8.62,9.26,9.49,9.46,9.96,8.9,No Sensor,8.6,10.05,8.83,9.66,8.85,8.8,9.1,9.26,8.36,8.72,9.31,8.59,9.61,20,976,0,19.29,
13.02.17 12:31:59,13.83,9.21,9.36,8.67,8.88,8.62,9.33,9.56,9.49,9.98,8.85,No Sensor,8.59,10.08,8.88,9.66,8.98,8.83,9.13,9.33,8.46,8.78,9.38,8.64,9.69,20,976,0,19.29,
13.02.17 12:32:14,14.08,9.18,9.33,8.65,8.85,8.57,9.26,9.41,9.43,9.88,8.9,No Sensor,8.59,9.96,8.8,9.66,8.86,8.77,9.11,9.28,8.44,8.73,9.33,8.57,9.68,20,976,0,19.29,
13.02.17 12:32:32,14.38,9.28,9.38,8.67,8.85,8.62,9.31,9.54,9.49,9.96,8.91,No Sensor,8.64,10.1,8.85,9.73,8.93,8.88,9.14,9.31,8.46,8.78,9.34,8.6,9.73,20,976,0,19.29,
13.02.17 12:32:47,14.63,9.29,9.41,8.67,8.83,8.64,9.31,9.49,9.49,9.98,8.91,No Sensor,8.6,10.1,8.86,9.71,8.96,8.83,9.11,9.36,8.47,8.73,9.41,8.6,9.68,20,976,0,19.29,
13.02.17 12:33:02,14.88,9.31,9.41,8.68,8.85,8.65,9.29,9.56,9.53,10,8.93,No Sensor,8.6,10.08,8.9,9.71,8.96,8.82,9.13,9.29,8.47,8.77,9.46,8.65,9.71,20,976,0,19.29,
13.02.17 12:33:17,15.13,9.28,9.44,8.75,8.9,8.67,9.31,9.59,9.51,10.07,8.96,No Sensor,8.64,10.12,8.82,9.74,8.9,8.83,9.16,9.31,8.46,8.77,9.41,8.64,9.74,20,976,0,19.29,
13.02.17 12:33:32,15.38,9.23,9.44,8.7,8.88,8.67,9.29,9.56,9.53,10.03,8.96,No Sensor,8.64,10.12,8.85,9.74,8.96,8.82,9.16,9.34,8.49,8.82,9.46,8.65,9.74,20,976,0,19.29,
13.02.17 12:33:48,15.65,9.23,9.44,8.77,8.83,8.68,9.33,9.54,9.49,10.03,9,No Sensor,8.64,10.12,8.85,9.8,8.91,8.88,9.14,9.31,8.47,8.77,9.39,8.68,9.73,20,976,0,19.29,
13.02.17 12:34:03,15.9,9.24,9.46,8.72,8.85,8.64,9.31,9.56,9.49,10,8.93,No Sensor,8.7,10.17,8.88,9.76,8.86,8.83,9.14,9.24,8.44,8.72,9.39,8.62,9.73,20,976,0,19.3,
13.02.17 12:34:18,16.15,9.18,9.41,8.68,8.91,8.72,9.38,9.64,9.56,10.1,9,No Sensor,8.77,10.15,8.95,9.85,9,8.93,9.21,9.41,8.52,8.78,9.43,8.64,9.76,20,976,0,19.3,
13.02.17 12:34:34,16.42,9.29,9.53,8.77,8.86,8.73,9.34,9.58,9.56,10.08,8.98,No Sensor,8.7,10.07,8.85,9.8,8.91,8.83,9.18,9.31,8.49,8.78,9.43,8.64,9.78,20,976,0,19.29,
13.02.17 12:34:49,16.67,9.28,9.46,8.78,8.86,8.68,9.33,9.59,9.53,10.03,8.91,No Sensor,8.64,10.08,8.9,9.74,8.9,8.86,9.16,9.26,8.41,8.72,9.39,8.59,9.73,20,976,0,19.32,
13.02.17 12:35:05,16.93,9.23,9.53,8.72,8.85,8.72,9.36,9.64,9.63,10.05,8.95,No Sensor,8.73,10.12,8.95,9.85,8.95,8.93,9.18,9.34,8.49,8.77,9.48,8.62,9.8,20,976,0,19.32,
13.02.17 12:35:20,17.18,9.24,9.44,8.82,8.88,8.73,9.38,9.59,9.58,10.08,8.95,No Sensor,8.72,10.08,8.91,9.74,8.93,8.91,9.18,9.28,8.47,8.82,9.44,8.62,9.76,20,976,0,19.32,
13.02.17 12:35:35,17.43,9.34,9.48,8.78,8.91,8.78,9.38,9.63,9.58,10.12,9,No Sensor,8.77,10.12,8.9,9.76,8.95,8.95,9.21,9.34,8.51,8.83,9.51,8.67,9.76,20,976,0,19.34,
13.02.17 12:35:50,17.68,9.29,9.48,8.85,8.9,8.77,9.36,9.64,9.58,10.15,8.95,No Sensor,8.75,10.13,8.9,9.76,8.95,8.93,9.19,9.33,8.42,8.73,9.38,8.62,9.83,20,976,0,19.34,
13.02.17 12:36:05,17.93,9.23,9.48,8.82,8.93,8.73,9.41,9.61,9.61,10.1,8.95,No Sensor,8.83,10.2,8.91,9.78,8.96,8.86,9.16,9.34,8.49,8.78,9.44,8.59,9.74,20,976,0,19.34,
13.02.17 12:36:20,18.18,9.28,9.46,8.83,8.88,8.73,9.34,9.64,9.61,10.13,8.95,No Sensor,8.82,10.15,8.83,9.73,8.91,8.88,9.19,9.41,8.49,8.78,9.44,8.59,9.76,20,976,0,19.34,
13.02.17 12:36:35,18.43,9.24,9.44,8.75,8.86,8.75,9.41,9.59,9.56,10.1,9,No Sensor,8.82,10.15,8.9,9.85,8.96,8.98,9.23,9.36,8.54,8.83,9.51,8.65,9.8,20,976,0,19.32,
13.02.17 12:36:52,18.72,9.26,9.43,8.72,8.83,8.72,9.33,9.61,9.53,10.17,8.93,No Sensor,8.82,10.18,8.91,9.8,8.93,8.93,9.16,9.38,8.44,8.8,9.46,8.62,9.74,20,976,0,19.34,
13.02.17 12:37:07,18.97,9.19,9.53,8.85,8.93,8.75,9.38,9.78,9.59,10.1,8.98,No Sensor,8.83,10.2,8.95,9.76,8.95,9.01,9.26,9.31,8.49,8.91,9.51,8.6,9.81,20,976,0,19.32,
13.02.17 12:37:22,19.22,9.26,9.44,8.82,8.88,8.77,9.34,9.64,9.56,10.18,8.93,No Sensor,8.82,10.17,8.91,9.81,8.91,8.91,9.19,9.33,8.47,8.75,9.46,8.67,9.78,20,976,0,19.32,
13.02.17 12:37:37,19.47,9.18,9.56,8.75,8.91,8.73,9.34,9.63,9.51,10.18,8.88,No Sensor,8.78,10.15,8.9,9.73,8.98,8.88,9.16,9.33,8.44,8.85,9.44,8.67,9.81,20,976,0,19.34,
13.02.17 12:37:52,19.72,9.43,9.51,8.8,9,8.75,9.38,9.74,9.53,10.17,9.05,No Sensor,8.93,10.2,8.85,9.91,8.88,8.95,9.23,9.24,8.57,8.8,9.44,8.73,9.8,20,976,0,19.34,
13.02.17 12:38:07,19.97,9.31,9.53,8.72,8.88,8.73,9.36,9.61,9.56,10.12,8.91,No Sensor,8.83,10.13,8.88,9.86,8.86,8.91,9.21,9.36,8.49,8.77,9.41,8.6,9.83,20,976,0,19.32,
13.02.17 12:38:23,20.23,9.29,9.48,8.8,8.85,8.77,9.31,9.59,9.58,10.18,8.95,No Sensor,8.83,10.07,8.83,9.83,8.93,8.98,9.18,9.36,8.46,8.7,9.39,8.6,9.74,20,976,0,19.34,
13.02.17 12:38:38,20.48,9.29,9.48,8.88,8.78,8.86,9.36,9.73,9.59,10.18,8.98,No Sensor,8.93,10.12,8.9,9.83,8.88,9,9.11,9.41,8.54,8.73,9.51,8.55,9.85,20,976,0,19.34,
13.02.17 12:38:53,20.73,9.36,9.61,8.77,8.86,8.85,9.41,9.63,9.59,10.27,9.01,No Sensor,8.85,10.2,8.98,9.86,8.88,8.95,9.21,9.38,8.51,8.75,9.56,8.65,9.76,20,976,0,19.34,
13.02.17 12:39:08,20.98,9.39,9.51,8.95,8.93,8.8,9.51,9.66,9.64,10.29,8.93,No Sensor,8.96,10.1,8.91,9.88,8.9,8.93,9.26,9.31,8.47,8.85,9.49,8.57,9.88,20,976,0,19.34,
13.02.17 12:39:23,21.23,9.24,9.58,8.91,8.91,8.85,9.46,9.73,9.63,10.2,9.01,No Sensor,8.95,10.1,8.86,9.9,9.05,8.93,9.14,9.39,8.6,8.78,9.49,8.6,9.85,20,976,0,19.36,
13.02.17 12:39:38,21.48,9.26,9.53,8.88,8.91,8.82,9.38,9.64,9.56,10.17,8.95,No Sensor,8.85,10.17,8.88,9.81,8.91,8.91,9.14,9.29,8.49,8.78,9.48,8.68,9.85,20,976,0,19.36,
13.02.17 12:39:54,21.75,9.34,9.66,8.95,8.96,8.85,9.46,9.69,9.71,10.3,9.03,No Sensor,8.93,10.27,8.96,9.91,8.98,9.01,9.24,9.39,8.6,8.83,9.58,8.72,9.85,20,976,0,19.36,
13.02.17 12:40:09,22,9.39,9.48,8.96,8.93,8.73,9.49,9.64,9.56,10.35,8.96,No Sensor,9,10.08,8.82,9.93,8.85,9,9.21,9.23,8.55,8.82,9.49,8.57,9.93,20,976,0,19.36,
13.02.17 12:40:24,22.25,9.26,9.58,8.96,8.95,8.77,9.41,9.74,9.66,10.22,8.88,No Sensor,9.06,10.22,8.78,9.86,9.01,9.01,9.21,9.29,8.55,8.85,9.59,8.65,9.78,20,976,0,19.36,
13.02.17 12:40:39,22.5,9.18,9.61,8.96,8.98,8.8,9.39,9.83,9.69,10.35,9.08,No Sensor,8.95,10.2,8.9,9.9,8.9,9.08,9.24,9.34,8.52,8.75,9.61,8.72,9.9,20,976,0,19.38,
13.02.17 12:40:54,22.75,9.31,9.64,8.93,9.01,8.86,9.38,9.64,9.58,10.3,9,No Sensor,8.95,10.25,8.95,9.9,8.93,9.03,9.21,9.41,8.51,8.75,9.56,8.7,9.91,20,976,0,19.38,
13.02.17 12:41:10,23.02,9.26,9.48,8.98,8.98,8.91,9.44,9.68,9.61,10.27,9.05,No Sensor,9.01,10.24,8.86,9.93,8.98,9.01,9.23,9.31,8.54,8.85,9.56,8.68,9.9,20,976,0,19.38,
13.02.17 12:41:25,23.27,9.18,9.63,8.85,8.93,8.86,9.39,9.69,9.58,10.24,8.91,No Sensor,8.91,10.13,8.86,9.78,8.95,9.03,9.18,9.31,8.55,8.72,9.59,8.68,9.85,20,976,0,19.36,
13.02.17 12:41:40,23.52,9.31,9.58,8.93,8.95,8.88,9.44,9.66,9.63,10.29,8.98,No Sensor,9.08,10.27,8.86,9.9,9.03,9.06,9.24,9.33,8.59,8.78,9.56,8.64,9.88,20,976,0,19.36,
13.02.17 12:41:55,23.77,9.26,9.56,8.91,8.93,8.88,9.41,9.66,9.64,10.27,8.95,No Sensor,9,10.15,8.9,9.85,8.95,9.1,9.26,9.38,8.51,8.78,9.63,8.67,9.91,20,976,0,19.36,
13.02.17 12:42:10,24.02,9.28,9.54,8.86,8.91,8.91,9.48,9.68,9.61,10.27,8.93,No Sensor,9.01,10.2,8.85,9.9,9.01,8.96,9.21,9.31,8.6,8.77,9.59,8.68,9.9,20,976,0,19.36,
13.02.17 12:42:25,24.27,9.21,9.53,8.9,8.88,8.83,9.41,9.68,9.66,10.27,8.93,No Sensor,8.96,10.22,8.83,9.83,8.91,9.03,9.23,9.29,8.54,8.78,9.53,8.67,9.93,20,976,0,19.38,
13.02.17 12:42:40,24.52,9.31,9.56,8.86,8.85,8.85,9.43,9.68,9.61,10.27,8.98,No Sensor,9,10.15,8.88,9.86,8.93,8.93,9.23,9.33,8.57,8.83,9.54,8.65,9.86,20,976,0,19.36,
13.02.17 12:42:55,24.77,9.18,9.56,8.9,8.83,8.82,9.46,9.68,9.59,10.25,8.98,No Sensor,9,10.2,8.9,9.85,8.95,8.98,9.18,9.33,8.52,8.78,9.54,8.67,9.88,20,976,0,19.38,
13.02.17 12:43:10,25.02,9.31,9.49,8.9,8.96,8.86,9.39,9.73,9.68,10.3,8.9,No Sensor,9,10.18,8.83,9.9,9,9.08,9.19,9.28,8.65,8.82,9.58,8.65,9.93,20,976,0,19.36,
13.02.17 12:43:25,25.27,9.33,9.58,9.01,8.88,8.82,9.54,9.68,9.63,10.37,8.95,No Sensor,9.05,10.05,9,9.9,8.93,9.06,9.16,9.41,8.68,8.78,9.66,8.73,9.9,20,976,0,19.38,
13.02.17 12:43:40,25.52,9.19,9.59,8.85,8.85,8.82,9.41,9.74,9.56,10.29,8.9,No Sensor,9,10.2,8.85,9.88,8.9,9,9.16,9.28,8.57,8.7,9.54,8.57,9.88,20,976,0,19.38,
13.02.17 12:43:55,25.77,9.23,9.61,8.93,8.96,8.9,9.51,9.73,9.68,10.24,8.98,No Sensor,9.03,10.25,8.85,9.88,8.98,9.06,9.24,9.33,8.57,8.8,9.56,8.65,9.91,20,976,0,19.38,
13.02.17 12:44:10,26.02,9.26,9.64,8.96,8.93,8.93,9.48,9.74,9.69,10.32,8.98,No Sensor,9.03,10.24,8.9,9.91,9.01,9.08,9.26,9.36,8.55,8.8,9.58,8.65,9.96,20,976,0,19.38,
13.02.17 12:44:25,26.27,9.26,9.63,9,8.91,8.86,9.51,9.69,9.66,10.29,9,No Sensor,9.01,10.27,8.9,9.86,8.95,9.03,9.23,9.39,8.54,8.82,9.56,8.65,9.9,20,976,0,19.38,
13.02.17 12:44:40,26.52,9.23,9.64,8.91,8.9,8.88,9.48,9.76,9.66,10.3,8.93,No Sensor,9.06,10.22,8.85,9.86,8.98,9.03,9.26,9.33,8.54,8.82,9.51,8.65,9.96,20,976,0,19.39,
13.02.17 12:44:55,26.77,9.29,9.61,8.98,8.93,8.93,9.48,9.74,9.68,10.3,8.98,No Sensor,9.08,10.29,8.9,9.95,8.95,9.03,9.24,9.33,8.62,8.77,9.61,8.67,9.95,20,976,0,19.39,
13.02.17 12:45:10,27.02,9.28,9.66,8.98,8.93,8.91,9.51,9.73,9.71,10.34,8.93,No Sensor,9.03,10.25,8.93,9.9,8.93,9,9.26,9.31,8.59,8.78,9.56,8.68,9.95,20,976,0,19.39,
13.02.17 12:45:25,27.27,9.29,9.69,9.03,8.93,8.91,9.53,9.76,9.71,10.3,8.98,No Sensor,9.11,10.17,8.86,9.95,9.03,9.05,9.26,9.34,8.64,8.8,9.63,8.64,9.98,20,976,0,19.39,
13.02.17 12:45:40,27.52,9.29,9.58,8.98,8.93,8.91,9.53,9.73,9.73,10.32,8.96,No Sensor,9.08,10.3,8.88,9.93,9,9.05,9.19,9.31,8.62,8.82,9.54,8.64,10,20,976,0,19.39,
13.02.17 12:45:55,27.77,9.29,9.63,8.9,8.86,8.9,9.56,9.85,9.71,10.27,8.93,No Sensor,9.14,10.29,8.82,9.8,8.91,9.06,9.28,9.34,8.51,8.73,9.58,8.73,10,20,976,0,19.39,
13.02.17 12:46:10,28.02,9.29,9.53,9.01,8.82,8.96,9.44,9.78,9.59,10.35,8.88,No Sensor,9.06,10.3,8.88,10.01,8.91,9.06,9.26,9.28,8.65,8.7,9.71,8.59,9.86,20,976,0,19.41,
13.02.17 12:46:25,28.27,9.29,9.69,8.88,8.95,9.05,9.46,9.66,9.76,10.27,8.96,No Sensor,9.11,10.18,8.86,10,9.03,9.03,9.23,9.43,8.6,8.73,9.64,8.73,9.96,20,976,0,19.41,
13.02.17 12:46:40,28.52,9.26,9.64,9,8.91,8.95,9.51,9.73,9.64,10.34,8.98,No Sensor,9.14,10.27,8.85,9.93,8.93,9.05,9.24,9.29,8.57,8.78,9.66,8.67,9.96,20,976,0,19.4,
13.02.17 12:46:55,28.77,9.21,9.53,9.03,8.91,8.88,9.56,9.71,9.58,10.35,9.05,No Sensor,9.03,10.37,8.83,9.88,9,9.03,9.13,9.43,8.64,8.72,9.66,8.67,9.88,20,976,0,19.4,
13.02.17 12:47:10,29.02,9.29,9.78,8.93,8.83,8.96,9.64,9.76,9.63,10.3,9.16,No Sensor,9.11,10.17,8.88,10.01,8.98,9.01,9.24,9.43,8.73,8.78,9.58,8.64,10,20,976,0,19.39,
13.02.17 12:47:25,29.27,9.24,9.71,9,8.95,9,9.58,9.76,9.66,10.27,8.93,No Sensor,9.05,10.24,8.88,9.98,8.93,9.05,9.24,9.33,8.65,8.86,9.68,8.65,10.03,20,976,0,19.39,
13.02.17 12:47:40,29.52,9.28,9.64,8.96,8.9,8.95,9.46,9.78,9.69,10.35,9.01,No Sensor,9.11,10.29,8.93,9.95,8.95,9.1,9.23,9.38,8.6,8.8,9.63,8.65,9.96,20,976,0,19.39,
13.02.17 12:47:56,29.78,9.26,9.59,8.93,8.9,8.96,9.51,9.76,9.71,10.35,8.96,No Sensor,9.14,10.25,8.86,9.95,8.95,9.06,9.24,9.38,8.6,8.82,9.68,8.65,9.98,20,976,0,19.39,
13.02.17 12:48:11,30.03,9.19,9.54,9.01,9.01,8.86,9.59,9.81,9.64,10.29,9.01,No Sensor,9.11,10.22,9.01,9.96,8.91,9.06,9.34,9.39,8.54,8.78,9.74,8.64,9.88,20,976,0,19.39,
13.02.17 12:48:26,30.28,9.36,9.68,9.03,8.95,9.03,9.58,9.81,9.69,10.37,9.03,No Sensor,9.18,10.27,8.9,9.98,9,9.08,9.26,9.38,8.57,8.8,9.54,8.6,9.95,20,976,0,19.39,
13.02.17 12:48:41,30.53,9.24,9.63,9,8.91,9,9.54,9.83,9.73,10.35,8.98,No Sensor,9.18,10.29,8.88,9.96,8.98,9.06,9.29,9.29,8.6,8.77,9.59,8.57,9.96,20,976,0,19.39,
13.02.17 12:48:56,30.78,9.29,9.69,8.98,8.98,8.98,9.58,9.78,9.71,10.34,8.98,No Sensor,9.18,10.32,8.86,9.98,8.91,9.13,9.26,9.34,8.6,8.77,9.66,8.62,9.98,20,976,0,19.39,
13.02.17 12:49:11,31.03,9.29,9.73,9.01,8.93,9,9.54,9.8,9.71,10.35,9.03,No Sensor,9.18,10.34,8.9,9.96,8.98,9.14,9.28,9.34,8.6,8.8,9.63,8.7,10.03,20,976,0,19.4,
13.02.17 12:49:26,31.28,9.28,9.76,9,8.93,8.98,9.53,9.85,9.73,10.39,8.98,No Sensor,9.16,10.25,8.91,9.98,8.95,9.13,9.29,9.33,8.6,8.77,9.64,8.65,9.98,20,976,0,19.4,
13.02.17 12:49:41,31.53,9.26,9.64,8.96,8.91,9,9.56,9.9,9.69,10.32,8.96,No Sensor,9.19,10.3,8.88,9.95,8.93,9.08,9.26,9.31,8.65,8.8,9.69,8.64,10.03,20,976,0,19.41,
13.02.17 12:49:56,31.78,9.33,9.73,8.98,8.91,8.98,9.61,9.88,9.74,10.32,8.93,No Sensor,9.19,10.3,8.88,10,9,9.11,9.28,9.34,8.64,8.75,9.66,8.62,10.01,20,976,0,19.41,
13.02.17 12:50:11,32.03,9.29,9.73,9.06,9.01,8.96,9.54,9.85,9.69,10.35,8.98,No Sensor,9.13,10.32,8.93,9.96,8.96,9.06,9.31,9.41,8.65,8.77,9.64,8.6,10.05,20,976,0,19.43,
13.02.17 12:50:26,32.28,9.33,9.69,9.01,8.98,9.01,9.59,9.85,9.71,10.39,9.01,No Sensor,9.18,10.3,8.85,9.93,8.93,9,9.24,9.33,8.55,8.78,9.69,8.65,9.98,20,976,0,19.43,
13.02.17 12:50:41,32.53,9.31,9.69,9.06,8.95,9.03,9.58,9.9,9.74,10.35,9,No Sensor,9.18,10.29,8.86,10,8.98,9.1,9.23,9.34,8.67,8.85,9.68,8.65,10.05,20,976,0,19.41,
13.02.17 12:50:56,32.78,9.31,9.73,9.08,8.98,9.06,9.63,9.9,9.74,10.42,9,No Sensor,9.18,10.32,8.9,9.98,9.03,9.13,9.23,9.38,8.59,8.78,9.64,8.68,10,20,976,0,19.43,
13.02.17 12:51:11,33.03,9.24,9.63,9.01,8.95,9,9.58,9.86,9.69,10.39,9.03,No Sensor,9.23,10.35,8.8,10,8.91,9.11,9.24,9.29,8.64,8.77,9.71,8.57,9.95,20,976,0,19.43,
13.02.17 12:51:26,33.28,9.26,9.74,9.01,8.93,9.05,9.59,9.9,9.73,10.44,8.96,No Sensor,9.21,10.27,8.88,9.95,8.96,9.14,9.29,9.33,8.62,8.8,9.71,8.65,10.01,20,976,0,19.43,
13.02.17 12:51:41,33.53,9.24,9.64,8.98,8.91,9,9.56,9.85,9.71,10.35,8.96,No Sensor,9.23,10.3,8.91,10.05,8.95,9.11,9.31,9.39,8.65,8.75,9.68,8.68,10.01,20,976,0,19.43,
13.02.17 12:51:56,33.78,9.28,9.71,9.1,8.91,9.08,9.61,9.83,9.73,10.34,9.03,No Sensor,9.26,10.27,8.88,9.98,8.96,9.13,9.33,9.38,8.6,8.82,9.69,8.6,10.01,20,976,0,19.43,
13.02.17 12:52:11,34.03,9.26,9.68,8.98,8.96,9.01,9.61,9.85,9.78,10.42,9.03,No Sensor,9.24,10.35,8.88,10.03,9.03,9.13,9.33,9.38,8.82,8.8,9.66,8.7,10.05,20,976,0,19.43,
13.02.17 12:52:26,34.28,9.21,9.69,9.08,8.93,9,9.53,9.86,9.69,10.37,8.95,No Sensor,9.23,10.35,8.93,9.98,8.95,9.11,9.29,9.38,8.64,8.77,9.63,8.59,10.03,20,976,0,19.43,
13.02.17 12:52:41,34.53,9.26,9.69,9.01,8.9,9.01,9.58,9.9,9.71,10.37,8.96,No Sensor,9.19,10.34,8.86,9.95,8.95,9.06,9.24,9.33,8.64,8.77,9.63,8.64,10.03,20,976,0,19.41,
13.02.17 12:52:56,34.78,9.24,9.69,9.03,8.91,9.03,9.58,9.86,9.71,10.39,8.96,No Sensor,9.23,10.35,8.86,9.98,8.96,9.13,9.26,9.34,8.65,8.82,9.66,8.59,10.03,20,976,0,19.41,
13.02.17 12:53:11,35.03,9.28,9.68,9,8.91,9.01,9.56,9.9,9.74,10.37,8.9,No Sensor,9.18,10.29,8.88,9.98,8.98,9.06,9.33,9.39,8.6,8.78,9.66,8.6,10.05,20,976,0,19.41,
13.02.17 12:53:27,35.3,9.23,9.66,9,8.9,9.03,9.54,9.85,9.69,10.39,8.98,No Sensor,9.21,10.3,8.85,9.96,8.86,9,9.23,9.26,8.67,8.77,9.59,8.55,9.98,20,976,0,19.41,
13.02.17 12:53:42,35.55,9.29,9.73,9.05,8.93,9.06,9.61,9.95,9.76,10.42,9.05,No Sensor,9.23,10.34,8.9,10.03,9,9.1,9.26,9.41,8.73,8.8,9.66,8.67,10.13,20,976,0,19.43,
13.02.17 12:53:57,35.8,9.26,9.68,9.03,8.88,9.01,9.61,9.93,9.73,10.39,8.98,No Sensor,9.23,10.32,8.88,10.01,8.93,9.13,9.23,9.29,8.65,8.77,9.59,8.65,10.03,20,976,0,19.43,
13.02.17 12:54:12,36.05,9.28,9.8,9.03,8.93,9.08,9.61,9.95,9.78,10.44,9,No Sensor,9.26,10.37,8.91,9.98,8.98,9.11,9.28,9.38,8.67,8.78,9.63,8.64,10.08,20,976,0,19.45,
13.02.17 12:54:27,36.3,9.26,9.71,9,8.91,9.06,9.63,9.9,9.78,10.42,9,No Sensor,9.21,10.35,8.93,10.01,8.95,9.08,9.24,9.38,8.62,8.77,9.68,8.65,10.05,20,976,0,19.43,
13.02.17 12:54:42,36.55,9.24,9.76,9.01,8.95,9.08,9.68,9.91,9.78,10.35,8.98,No Sensor,9.18,10.41,8.9,10.05,9.01,9.08,9.24,9.33,8.64,8.75,9.69,8.62,10.05,20,976,0,19.45,
13.02.17 12:54:57,36.8,9.48,9.68,9.16,8.93,9.1,9.63,10.05,9.74,10.49,9.05,No Sensor,9.33,10.37,9.01,9.95,9.08,9,9.38,9.18,8.82,8.67,9.83,8.52,10.2,20,976,0,19.45,
13.02.17 12:55:12,37.05,9.36,9.74,9,8.93,8.96,9.69,9.81,9.81,10.37,9.08,No Sensor,9.26,10.41,9.01,10.07,9,9.14,9.29,9.43,8.68,8.85,9.69,8.65,10.07,20,976,0,19.45,
13.02.17 12:55:27,37.3,9.31,9.8,9.05,8.93,9.08,9.61,9.96,9.81,10.44,8.96,No Sensor,9.24,10.37,8.91,10.07,8.95,9.08,9.21,9.34,8.7,8.82,9.71,8.6,10.03,20,976,0,19.45,
13.02.17 12:55:42,37.55,9.29,9.8,9.08,8.95,9.08,9.66,9.86,9.78,10.46,9.01,No Sensor,9.28,10.35,8.9,10.03,8.91,9.08,9.24,9.39,8.73,8.82,9.69,8.62,10.07,20,976,0,19.45,
13.02.17 12:55:57,37.8,9.34,9.73,8.98,8.98,9.11,9.64,9.86,9.73,10.42,9.01,No Sensor,9.28,10.39,8.96,10.01,8.98,9.13,9.24,9.36,8.7,8.8,9.68,8.6,10.03,20,976,0,19.47,
13.02.17 12:56:12,38.05,9.36,9.78,9.08,8.96,9.06,9.59,9.83,9.71,10.37,8.98,No Sensor,9.23,10.32,8.88,10.01,8.93,9.1,9.28,9.41,8.67,8.85,9.66,8.64,10.05,20,976,0,19.47,
13.02.17 12:56:27,38.3,9.23,9.71,9.03,8.93,9.13,9.66,9.88,9.76,10.49,9.01,No Sensor,9.26,10.44,8.91,10.05,8.91,9.08,9.26,9.39,8.73,8.88,9.74,8.62,10.05,20,976,0,19.45,
13.02.17 12:56:42,38.55,9.23,9.66,9.06,8.93,9.06,9.64,9.78,9.74,10.37,9,No Sensor,9.28,10.34,8.85,10.08,8.96,9.05,9.24,9.33,8.64,8.75,9.68,8.6,10.1,20,976,0,19.45,
13.02.17 12:56:57,38.8,9.29,9.71,8.96,8.91,9.08,9.58,9.85,9.74,10.35,9.03,No Sensor,9.23,10.3,8.86,9.98,8.93,9.11,9.23,9.33,8.62,8.72,9.64,8.54,10.05,20,976,0,19.45,
13.02.17 12:57:13,39.07,9.34,9.68,9.01,8.95,9.1,9.71,9.91,9.83,10.44,8.98,No Sensor,9.24,10.39,8.91,9.98,8.98,9.11,9.28,9.39,8.68,8.83,9.71,8.62,10,20,976,0,19.45,
13.02.17 12:57:28,39.32,9.23,9.69,9.03,8.9,9.05,9.58,9.93,9.73,10.44,8.96,No Sensor,9.23,10.42,8.95,10.05,8.95,9.1,9.26,9.38,8.68,8.73,9.71,8.57,10.03,20,976,0,19.45,
13.02.17 12:57:43,39.57,9.31,9.69,9.05,8.95,9.08,9.63,9.88,9.76,10.47,9.06,No Sensor,9.31,10.37,8.91,10.05,8.91,9.14,9.26,9.44,8.65,8.83,9.76,8.6,10.12,20,976,0,19.45,
13.02.17 12:57:58,39.82,9.24,9.73,9.06,8.93,9.14,9.63,9.86,9.76,10.42,8.98,No Sensor,9.23,10.32,8.88,10.01,8.95,9.1,9.23,9.36,8.62,8.78,9.64,8.6,10.01,20,976,0,19.45,
13.02.17 12:58:13,40.07,9.21,9.71,9.03,8.96,9.1,9.61,9.88,9.74,10.41,8.96,No Sensor,9.24,10.32,8.83,10.03,8.91,9.11,9.24,9.31,8.73,8.75,9.66,8.57,10.05,20,976,0,19.45,
13.02.17 12:58:28,40.32,9.23,9.71,9.05,8.91,9.1,9.59,9.91,9.76,10.47,9.05,No Sensor,9.23,10.39,8.88,10.01,8.95,9.1,9.23,9.31,8.7,8.73,9.68,8.59,10.07,20,976,0,19.45,
13.02.17 12:58:44,40.58,9.26,9.71,9.08,8.93,9.1,9.61,9.95,9.76,10.47,9.01,No Sensor,9.26,10.41,8.9,10,8.93,9.13,9.26,9.39,8.68,8.78,9.73,8.62,10.12,20,976,0,19.45,
13.02.17 12:58:59,40.83,9.26,9.74,9.05,8.93,9.1,9.63,9.88,9.76,10.42,9.03,No Sensor,9.28,10.39,8.86,10.01,8.91,9.06,9.26,9.39,8.72,8.77,9.68,8.57,10.05,20,976,0,19.45,
13.02.17 12:59:14,41.08,9.23,9.83,9.05,8.98,9.16,9.61,9.85,9.74,10.39,8.98,No Sensor,9.24,10.42,8.85,10.07,8.98,9.08,9.21,9.36,8.64,8.7,9.63,8.54,10.08,20,976,0,19.45,
13.02.17 12:59:29,41.33,9.31,9.83,9.05,9.05,9.14,9.59,9.96,9.8,10.51,9.03,No Sensor,9.26,10.41,8.91,10.03,9,9.14,9.26,9.34,8.67,8.78,9.73,8.7,10.15,20,976,0,19.45,
13.02.17 12:59:44,41.58,9.29,9.76,9.11,9,9.14,9.61,9.93,9.81,10.46,9,No Sensor,9.26,10.41,8.95,10.1,8.91,9.08,9.24,9.33,8.59,8.83,9.73,8.65,10.1,20,976,0,19.47,
13.02.17 12:59:59,41.83,9.24,9.71,9.05,8.91,9.13,9.61,9.9,9.73,10.41,9.03,No Sensor,9.24,10.42,8.9,10.07,8.93,9.13,9.28,9.33,8.67,8.82,9.73,8.62,10.1,20,976,0,19.47,
13.02.17 13:00:14,42.08,9.28,9.81,9.08,8.98,9.18,9.68,9.98,9.81,10.46,8.96,No Sensor,9.38,10.47,8.93,10.12,8.95,9.11,9.24,9.41,8.7,8.78,9.74,8.64,10.1,20,976,0,19.47,
13.02.17 13:00:30,42.35,9.33,9.83,9.11,8.98,9.13,9.69,9.9,9.81,10.53,9,No Sensor,9.28,10.53,8.95,10.07,8.96,9.13,9.29,9.36,8.72,8.78,9.76,8.62,10.15,20,976,0,19.47,
13.02.17 13:00:45,42.6,9.31,9.8,9.13,8.96,9.19,9.66,9.93,9.81,10.46,8.98,No Sensor,9.29,10.41,8.96,10.07,8.96,9.18,9.28,9.41,8.73,8.78,9.8,8.62,10.1,20,976,0,19.47,
13.02.17 13:01:00,42.85,9.28,9.78,9.08,8.98,9.21,9.68,9.93,9.73,10.46,8.98,No Sensor,9.28,10.42,8.91,10.08,8.98,9.11,9.34,9.44,8.73,8.8,9.71,8.59,10.08,20,976,0,19.48,
13.02.17 13:01:15,43.1,9.29,9.81,9.13,8.93,9.21,9.66,9.95,9.73,10.47,9.01,No Sensor,9.29,10.44,8.98,10.12,8.95,9.14,9.21,9.38,8.72,8.86,9.8,8.62,10.13,20,976,0,19.47,
13.02.17 13:01:30,43.35,9.26,9.71,9.08,9,9.11,9.71,9.93,9.8,10.47,8.98,No Sensor,9.33,10.42,8.93,10.07,8.98,9.1,9.23,9.41,8.73,8.83,9.78,8.6,10.15,20,976,0,19.47,
13.02.17 13:01:45,43.6,9.26,9.74,9.05,8.98,9.18,9.64,9.9,9.78,10.51,9.05,No Sensor,9.24,10.42,8.91,10.12,9.05,9.14,9.23,9.38,8.7,8.82,9.8,8.6,10.17,20,976,0,19.47,
13.02.17 13:02:00,43.85,9.24,9.69,9.05,8.96,9.16,9.69,9.88,9.76,10.44,8.96,No Sensor,9.28,10.34,8.9,10.1,8.96,9.14,9.29,9.38,8.75,8.83,9.76,8.62,10.1,20,976,0,19.47,
13.02.17 13:02:15,44.1,9.21,9.76,9.16,8.98,9.14,9.68,9.98,9.76,10.46,9.01,No Sensor,9.36,10.47,8.9,10.08,8.93,9.14,9.24,9.48,8.72,8.83,9.71,8.6,10.13,20,976,0,19.47,
13.02.17 13:02:30,44.35,9.26,9.68,9.03,8.95,9.18,9.63,9.9,9.76,10.41,8.98,No Sensor,9.24,10.42,8.93,10.03,8.93,9.13,9.24,9.36,8.73,8.78,9.74,8.6,10.15,20,976,0,19.45,
13.02.17 13:02:45,44.6,9.23,9.73,9.06,8.95,9.14,9.59,9.95,9.71,10.42,8.98,No Sensor,9.29,10.42,8.88,10.05,8.93,9.13,9.23,9.36,8.73,8.75,9.74,8.57,10.08,20,976,0,19.47,
13.02.17 13:03:00,44.85,9.31,9.81,9.06,8.93,9.14,9.61,9.93,9.8,10.49,8.98,No Sensor,9.34,10.44,8.88,10.1,8.98,9.18,9.23,9.39,8.77,8.82,9.73,8.6,10.12,20,976,0,19.45,
13.02.17 13:03:15,45.1,9.26,9.78,9.11,9,9.19,9.63,9.91,9.81,10.54,9,No Sensor,9.26,10.41,8.93,10.12,8.95,9.13,9.28,9.46,8.82,8.82,9.74,8.6,10.12,20,976,0,19.47,
13.02.17 13:03:30,45.35,9.24,9.81,9.16,9.03,9.18,9.68,9.93,9.86,10.51,9.06,No Sensor,9.28,10.39,8.91,10.12,9.03,9.24,9.26,9.39,8.72,8.83,9.8,8.67,10.18,20,976,0,19.47,
13.02.17 13:03:45,45.6,9.28,9.81,9.11,9,9.21,9.68,9.98,9.86,10.49,9.05,No Sensor,9.33,10.46,8.91,10.12,8.96,9.14,9.28,9.36,8.73,8.77,9.73,8.62,10.13,20,976,0,19.45,
13.02.17 13:04:00,45.85,9.26,9.76,9.13,8.98,9.19,9.63,9.95,9.78,10.49,9,No Sensor,9.26,10.42,8.96,10.13,8.98,9.14,9.21,9.33,8.75,8.77,9.71,8.6,10.1,20,976,0,19.45,
13.02.17 13:04:15,46.1,9.31,9.85,9.13,9,9.21,9.66,9.96,9.78,10.47,9,No Sensor,9.26,10.3,8.88,10.05,8.9,9.06,9.21,9.31,8.67,8.75,9.73,8.57,10.05,20,976,0,19.47,
13.02.17 13:04:30,46.35,9.18,9.76,9.14,9.01,9.24,9.69,10,9.81,10.51,9,No Sensor,9.31,10.37,8.88,10.1,8.95,9.21,9.28,9.38,8.78,8.83,9.78,8.62,10.12,20,976,0,19.47,
13.02.17 13:04:45,46.6,9.28,9.76,9.13,9.01,9.26,9.68,9.98,9.85,10.47,9.01,No Sensor,9.26,10.42,8.9,10.1,8.96,9.18,9.21,9.31,8.73,8.78,9.81,8.59,10.15,20,976,0,19.48,
13.02.17 13:05:01,46.87,9.29,9.83,9.18,9.03,9.29,9.71,10,9.8,10.47,9,No Sensor,9.29,10.44,8.88,10.13,9.01,9.21,9.28,9.38,8.73,8.82,9.78,8.64,10.15,20,976,0,19.47,
13.02.17 13:05:16,47.12,9.28,9.86,9.14,9.01,9.28,9.71,10.03,9.86,10.54,8.98,No Sensor,9.31,10.42,8.9,10.13,9,9.14,9.29,9.34,8.78,8.85,9.71,8.65,10.24,20,976,0,19.48,
13.02.17 13:05:31,47.37,9.28,9.81,9.1,8.96,9.24,9.68,10.03,9.85,10.46,9,No Sensor,9.28,10.46,8.95,10.1,8.98,9.18,9.24,9.33,8.68,8.8,9.8,8.59,10.13,20,976,0,19.5,
13.02.17 13:05:46,47.62,9.29,9.8,9.1,9.03,9.23,9.69,10.03,9.86,10.53,9.03,No Sensor,9.31,10.47,8.91,10.12,8.96,9.18,9.24,9.41,8.75,8.82,9.83,8.62,10.12,20,976,0,19.5,
13.02.17 13:06:01,47.87,9.31,9.8,9.11,9.03,9.24,9.71,9.98,9.81,10.53,9.06,No Sensor,9.29,10.44,8.91,10.13,8.95,9.18,9.23,9.36,8.73,8.77,9.83,8.62,10.15,20,976,0,19.5,
13.02.17 13:06:16,48.12,9.26,9.83,9.13,9.01,9.26,9.69,9.95,9.8,10.54,9.05,No Sensor,9.31,10.44,8.88,10.12,8.98,9.16,9.26,9.41,8.75,8.77,9.8,8.59,10.15,20,976,0,19.48,
13.02.17 13:06:31,48.37,9.23,9.8,9.08,9,9.26,9.73,9.98,9.81,10.51,9.03,No Sensor,9.31,10.41,8.9,10.1,8.95,9.14,9.21,9.34,8.7,8.77,9.78,8.6,10.13,20,976,0,19.48,
13.02.17 13:06:46,48.62,9.29,9.91,9.16,9.01,9.23,9.66,10.01,9.86,10.63,9.13,No Sensor,9.36,10.42,8.9,10.18,9.05,9.23,9.36,9.43,8.75,8.83,9.81,8.62,10.12,20,976,0,19.5,
13.02.17 13:07:01,48.87,9.24,9.68,8.98,8.93,9.23,9.66,10.01,9.8,10.54,9,No Sensor,9.29,10.37,8.83,10.08,8.93,9.16,9.19,9.39,8.73,8.83,9.78,8.59,10.12,20,976,0,19.5,
13.02.17 13:07:16,49.12,9.26,9.76,9.06,8.96,9.24,9.63,9.96,9.8,10.53,9.01,No Sensor,9.28,10.42,8.9,10.17,9.01,9.16,9.23,9.33,8.75,8.78,9.8,8.62,10.15,20,976,0,19.48,
13.02.17 13:07:31,49.37,9.23,9.85,9.13,8.93,9.24,9.64,9.93,9.85,10.54,9.01,No Sensor,9.33,10.51,8.86,10.12,8.96,9.19,9.28,9.38,8.75,8.78,9.76,8.6,10.18,20,976,0,19.47,
13.02.17 13:07:46,49.62,9.14,9.71,9.06,8.91,9.19,9.64,9.98,9.8,10.46,9.01,No Sensor,9.26,10.39,8.88,10.08,8.93,9.13,9.21,9.31,8.72,8.77,9.74,8.57,10.13,20,976,0,19.47,
13.02.17 13:08:01,49.87,9.19,9.76,9.11,8.93,9.26,9.68,10.01,9.81,10.47,9.06,No Sensor,9.33,10.46,8.9,10.18,8.98,9.16,9.23,9.34,8.73,8.78,9.76,8.62,10.17,20,976,0,19.47,
13.02.17 13:08:16,50.12,9.21,9.78,9.1,9,9.26,9.69,10.05,9.81,10.47,9.03,No Sensor,9.31,10.44,8.86,10.13,9,9.18,9.24,9.41,8.73,8.82,9.86,8.59,10.12,20,976,0,19.47,
13.02.17 13:08:31,50.37,9.26,9.83,9.06,8.96,9.19,9.63,9.9,9.76,10.49,9,No Sensor,9.31,10.41,8.91,10.12,9,9.19,9.18,9.38,8.7,8.72,9.71,8.54,10.07,20,976,0,19.47,
13.02.17 13:08:46,50.62,9.28,9.78,9.08,8.96,9.24,9.64,10.01,9.83,10.54,9.03,No Sensor,9.33,10.47,8.9,10.12,8.95,9.16,9.23,9.34,8.75,8.77,9.85,8.6,10.13,20,976,0,19.47,
13.02.17 13:09:01,50.87,9.28,9.83,9.13,9,9.24,9.64,9.93,9.85,10.56,9.05,No Sensor,9.28,10.41,8.93,10.12,9,9.19,9.21,9.33,8.75,8.75,9.78,8.59,10.22,20,976,0,19.48,
13.02.17 13:09:16,51.12,9.26,9.85,9.14,9,9.24,9.73,10,9.81,10.51,9.03,No Sensor,9.34,10.44,8.91,10.12,8.96,9.21,9.24,9.31,8.72,8.73,9.76,8.57,10.2,20,976,0,19.47,
13.02.17 13:09:31,51.37,9.26,9.86,9.13,8.96,9.21,9.69,9.95,9.81,10.56,9.01,No Sensor,9.33,10.37,8.85,10.15,8.93,9.19,9.19,9.33,8.75,8.82,9.78,8.67,10.15,20,976,0,19.48,
13.02.17 13:09:46,51.62,9.23,9.81,9.1,8.96,9.24,9.66,10.01,9.85,10.54,9.06,No Sensor,9.33,10.54,8.93,10.12,9,9.23,9.21,9.33,8.77,8.83,9.81,8.64,10.18,20,976,0,19.5,
13.02.17 13:10:01,51.87,9.28,9.93,9.18,8.96,9.29,9.74,10.03,9.86,10.56,9.03,No Sensor,9.34,10.49,8.9,10.18,9,9.23,9.26,9.41,8.77,8.77,9.86,8.6,10.2,20,976,0,19.5,
13.02.17 13:10:16,52.12,9.24,9.88,9.14,8.96,9.24,9.78,10.07,9.93,10.65,9.05,No Sensor,9.48,10.63,8.98,10.44,9.08,9.46,9.33,9.44,8.93,8.91,10.12,8.75,10.44,20,976,0,19.5,
13.02.17 13:10:31,52.37,9.23,9.81,9.18,8.95,9.23,9.74,10.07,9.91,10.61,9.03,No Sensor,9.43,10.68,8.96,10.41,9.05,9.41,9.36,9.44,8.96,8.88,10.1,8.72,10.46,20,976,0,19.5,
13.02.17 13:10:46,52.62,9.21,9.83,9.1,8.95,9.19,9.76,10.03,9.85,10.56,9.06,No Sensor,9.34,10.68,8.96,10.41,9.05,9.39,9.31,9.43,8.95,8.91,10.1,8.73,10.46,20,976,0,19.5,
13.02.17 13:11:01,52.87,9.23,9.83,9.08,8.96,9.19,9.74,10.08,9.83,10.53,9.06,No Sensor,9.36,10.66,8.95,10.39,9.1,9.38,9.36,9.41,8.93,8.95,10.12,8.75,10.44,20,976,0,19.5,
13.02.17 13:11:16,53.12,9.21,9.76,9.06,8.98,9.16,9.76,9.96,9.81,10.53,9.1,No Sensor,9.33,10.63,8.96,10.35,9.05,9.39,9.38,9.44,8.93,8.93,10.07,8.73,10.41,20,976,0,19.5,
13.02.17 13:11:31,53.37,9.16,9.68,9.01,8.9,9.13,9.68,9.95,9.8,10.49,9.01,No Sensor,9.31,10.6,8.93,10.34,9.05,9.29,9.34,9.41,8.93,8.86,10.05,8.72,10.39,20,976,0,19.5,
13.02.17 13:11:46,53.62,9.18,9.69,9.05,8.95,9.11,9.73,9.93,9.76,10.46,9.08,No Sensor,9.28,10.61,8.95,10.34,9.05,9.29,9.36,9.39,8.91,8.91,10.03,8.73,10.37,20,976,0,19.47,
13.02.17 13:12:01,53.87,9.24,9.68,9.01,8.96,9.08,9.69,9.91,9.73,10.46,9.05,No Sensor,9.23,10.6,8.98,10.3,9.03,9.29,9.34,9.44,8.93,8.93,10.05,8.73,10.35,20,976,0,19.48,
13.02.17 13:12:16,54.12,9.18,9.66,9,8.91,9.06,9.64,9.86,9.68,10.41,9,No Sensor,9.19,10.56,8.96,10.3,9.05,9.26,9.33,9.43,8.9,8.88,10,8.72,10.35,20,976,0,19.48,
13.02.17 13:12:31,54.37,9.19,9.69,9.01,8.91,9.03,9.68,9.85,9.73,10.41,9.03,No Sensor,9.21,10.53,8.96,10.32,9.01,9.26,9.34,9.44,8.88,8.91,10.01,8.7,10.32,20,976,0,19.47,
13.02.17 13:12:46,54.62,9.23,9.66,9,8.93,9.01,9.64,9.83,9.69,10.37,9.05,No Sensor,9.21,10.56,8.93,10.27,9,9.28,9.36,9.41,8.86,8.86,9.95,8.72,10.32,20,976,0,19.47,
13.02.17 13:13:01,54.87,9.21,9.63,9,8.93,9.03,9.61,9.83,9.71,10.34,9.01,No Sensor,9.16,10.47,8.96,10.27,9.01,9.24,9.31,9.44,8.88,8.88,9.95,8.7,10.3,20,976,0,19.45,
13.02.17 13:13:16,55.12,9.23,9.61,8.95,8.93,8.98,9.63,9.81,9.68,10.39,9.03,No Sensor,9.19,10.47,8.96,10.27,9.01,9.19,9.33,9.43,8.86,8.86,9.93,8.67,10.27,20,976,0,19.45,
13.02.17 13:13:31,55.37,9.19,9.63,8.98,8.9,8.98,9.59,9.8,9.68,10.34,9.03,No Sensor,9.13,10.46,8.95,10.24,9.06,9.16,9.36,9.38,8.85,8.83,9.91,8.72,10.34,20,976,0,19.45,
13.02.17 13:13:47,55.63,9.21,9.58,9.01,8.91,9,9.61,9.83,9.68,10.34,9.06,No Sensor,9.13,10.49,8.95,10.2,9.06,9.19,9.31,9.43,8.83,8.83,9.9,8.68,10.32,20,976,0,19.45,
13.02.17 13:14:02,55.88,9.23,9.58,8.95,8.91,8.98,9.66,9.8,9.66,10.29,9,No Sensor,9.11,10.49,8.91,10.25,9,9.19,9.29,9.41,8.78,8.86,9.91,8.67,10.27,20,976,0,19.45,
13.02.17 13:14:17,56.13,9.21,9.64,9,8.95,8.96,9.63,9.81,9.64,10.32,9.06,No Sensor,9.14,10.46,8.93,10.25,9.01,9.18,9.33,9.38,8.85,8.86,9.91,8.73,10.27,20,976,0,19.45,
13.02.17 13:14:32,56.38,9.23,9.58,8.95,8.93,8.98,9.59,9.81,9.64,10.3,9.03,No Sensor,9.11,10.49,8.91,10.24,9,9.16,9.34,9.41,8.78,8.88,9.91,8.68,10.29,20,976,0,19.45,
13.02.17 13:14:47,56.63,9.19,9.61,8.96,8.93,8.98,9.61,9.76,9.66,10.29,9.05,No Sensor,9.11,10.42,8.93,10.24,9.01,9.14,9.34,9.39,8.82,8.88,9.86,8.68,10.27,20,976,0,19.45,
13.02.17 13:15:02,56.88,9.24,9.61,8.96,8.93,9.01,9.64,9.76,9.64,10.24,9.05,No Sensor,9.13,10.49,8.96,10.17,9.05,9.18,9.34,9.41,8.83,8.86,9.93,8.65,10.3,20,976,0,19.45,
13.02.17 13:15:17,57.13,9.18,9.63,8.96,8.95,9.01,9.59,9.76,9.64,10.29,9.05,No Sensor,9.1,10.47,8.96,10.18,9,9.16,9.33,9.39,8.83,8.88,9.9,8.68,10.29,20,976,0,19.45,
13.02.17 13:15:32,57.38,9.24,9.66,8.95,8.95,8.98,9.59,9.81,9.66,10.27,9.06,No Sensor,9.1,10.47,8.96,10.24,9.01,9.13,9.36,9.41,8.83,8.9,9.91,8.68,10.25,20,976,0,19.47,
13.02.17 13:15:47,57.63,9.24,9.66,8.98,8.93,8.98,9.63,9.78,9.61,10.27,9.01,No Sensor,9.11,10.49,8.96,10.2,9.03,9.13,9.34,9.38,8.8,8.91,9.93,8.7,10.29,20,976,0,19.45,
13.02.17 13:16:02,57.88,9.23,9.66,8.98,8.91,9.01,9.61,9.8,9.61,10.24,9,No Sensor,9.08,10.49,8.93,10.18,9.01,9.11,9.36,9.43,8.75,8.86,9.9,8.68,10.2,20,976,0,19.45,
13.02.17 13:16:17,58.13,9.26,9.68,8.95,8.98,8.98,9.64,9.76,9.64,10.24,9.05,No Sensor,9.11,10.49,8.95,10.24,9.01,9.11,9.33,9.41,8.78,8.9,9.88,8.7,10.25,20,976,0,19.45,
13.02.17 13:16:32,58.38,9.26,9.61,8.95,8.95,8.96,9.63,9.78,9.63,10.22,9.03,No Sensor,9.08,10.46,8.96,10.2,9.01,9.11,9.34,9.39,8.78,8.9,9.88,8.7,10.24,20,976,0,19.47,
13.02.17 13:16:47,58.63,9.28,9.69,9,8.95,8.98,9.66,9.74,9.64,10.25,9.03,No Sensor,9.03,10.42,9.01,10.2,9.03,9.13,9.34,9.43,8.82,8.91,9.9,8.68,10.25,20,976,0,19.47,
13.02.17 13:17:02,58.88,9.31,9.68,8.98,8.96,8.98,9.64,9.81,9.66,10.24,9.08,No Sensor,9.08,10.42,9,10.2,9.03,9.11,9.38,9.39,8.78,8.9,9.93,8.72,10.25,20,976,0,19.47,
13.02.17 13:17:17,59.13,9.28,9.68,8.95,8.95,8.98,9.66,9.78,9.61,10.24,9,No Sensor,9.06,10.42,8.96,10.18,9.01,9.08,9.29,9.43,8.8,8.91,9.88,8.65,10.24,20,976,0,19.5,
13.02.17 13:17:32,59.38,9.29,9.69,9,8.98,8.95,9.64,9.74,9.61,10.22,9.05,No Sensor,9.06,10.42,8.96,10.17,9,9.06,9.34,9.38,8.8,8.91,9.9,8.67,10.25,20,976,0,19.5,
13.02.17 13:17:47,59.63,9.29,9.66,8.96,8.93,9,9.61,9.78,9.63,10.18,9.06,No Sensor,9.05,10.46,8.96,10.18,9.03,9.08,9.34,9.41,8.78,8.91,9.95,8.72,10.22,20,976,0,19.48,
13.02.17 13:18:02,59.88,9.28,9.68,8.95,8.98,8.96,9.64,9.8,9.59,10.17,9.03,No Sensor,9.06,10.46,8.96,10.22,9,9.05,9.36,9.39,8.8,8.91,9.88,8.7,10.25,20,976,0,19.48,
13.02.17 13:18:17,60.13,9.28,9.66,8.95,8.96,8.98,9.69,9.74,9.66,10.24,9.03,No Sensor,9.05,10.46,8.98,10.15,9.05,9.11,9.36,9.41,8.78,8.9,9.91,8.67,10.24,20,976,0,19.5,
13.02.17 13:18:32,60.38,9.29,9.64,8.96,8.95,8.96,9.66,9.78,9.64,10.18,9.01,No Sensor,9.06,10.46,9.01,10.17,9.03,9.08,9.39,9.38,8.78,8.91,9.85,8.7,10.2,20,976,0,19.52,
13.02.17 13:18:47,60.63,9.31,9.68,9,9,8.98,9.64,9.78,9.63,10.18,9.08,No Sensor,9.01,10.41,8.98,10.17,9.05,9.06,9.33,9.43,8.8,8.95,9.88,8.7,10.2,20,976,0,19.52,
13.02.17 13:19:02,60.88,9.29,9.66,9,8.98,8.98,9.71,9.73,9.64,10.18,9.06,No Sensor,9.05,10.44,8.96,10.2,9.03,9.06,9.36,9.43,8.8,8.91,9.91,8.65,10.22,20,976,0,19.52,
13.02.17 13:19:17,61.13,9.31,9.68,9,8.95,8.98,9.64,9.73,9.61,10.15,9.06,No Sensor,9.03,10.41,9,10.2,9.05,9.05,9.39,9.41,8.77,8.91,9.93,8.65,10.2,20,976,0,19.52,
13.02.17 13:19:32,61.38,9.33,9.71,8.93,9.01,8.95,9.69,9.76,9.64,10.18,9.05,No Sensor,8.98,10.41,8.96,10.17,9.05,9.05,9.34,9.39,8.78,8.9,9.93,8.7,10.17,20,976,0,19.52,
13.02.17 13:19:47,61.63,9.29,9.71,8.96,8.96,8.96,9.71,9.76,9.61,10.18,9.03,No Sensor,9.03,10.41,9,10.15,9.03,9.1,9.38,9.39,8.77,8.96,9.85,8.68,10.2,20,976,0,19.52,
13.02.17 13:20:02,61.88,9.29,9.71,8.96,9,8.98,9.66,9.74,9.63,10.15,9.1,No Sensor,9.05,10.47,9.03,10.2,9.03,9.08,9.41,9.38,8.78,8.95,9.93,8.7,10.24,20,976,0,19.54,
13.02.17 13:20:17,62.13,9.31,9.64,8.95,9.01,8.98,9.68,9.73,9.64,10.15,9.05,No Sensor,9.03,10.42,8.98,10.2,9.03,9.08,9.38,9.41,8.8,8.95,9.93,8.7,10.24,20,976,0,19.54,
13.02.17 13:20:32,62.38,9.31,9.68,8.96,9.03,9.01,9.74,9.74,9.64,10.22,9.08,No Sensor,9,10.44,9.05,10.18,9.06,9.11,9.39,9.41,8.8,8.93,9.93,8.68,10.2,20,976,0,19.54,
13.02.17 13:20:47,62.63,9.34,9.66,8.96,9,8.98,9.68,9.74,9.64,10.15,9.01,No Sensor,9.03,10.44,9,10.17,9.03,9.08,9.39,9.38,8.8,8.93,9.88,8.68,10.22,20,976,0,19.55,
13.02.17 13:21:02,62.88,9.28,9.63,8.91,8.98,8.98,9.68,9.73,9.63,10.2,9.05,No Sensor,9,10.42,8.96,10.17,9.03,9.05,9.38,9.41,8.75,8.9,9.86,8.67,10.2,20,976,0,19.55,
13.02.17 13:21:17,63.13,9.29,9.64,8.91,9.01,8.96,9.64,9.69,9.61,10.15,9.03,No Sensor,8.98,10.44,8.95,10.13,9.01,9.08,9.39,9.41,8.73,8.9,9.93,8.68,10.2,20,976,0,19.54,
13.02.17 13:21:32,63.38,9.26,9.61,8.91,8.96,8.91,9.66,9.73,9.58,10.12,9.06,No Sensor,8.96,10.44,8.96,10.15,9.05,9.08,9.36,9.39,8.75,8.9,9.88,8.7,10.2,20,976,0,19.54,
13.02.17 13:21:47,63.63,9.28,9.59,8.88,8.95,8.95,9.63,9.66,9.54,10.17,9.06,No Sensor,8.93,10.41,8.91,10.17,9.01,9.05,9.38,9.41,8.7,8.93,9.85,8.68,10.18,20,976,0,19.54,
13.02.17 13:22:02,63.88,9.24,9.56,8.88,8.95,8.88,9.63,9.66,9.54,10.17,9.03,No Sensor,8.96,10.39,8.95,10.13,9.01,9.01,9.34,9.36,8.75,8.93,9.88,8.65,10.17,20,976,0,19.55,
13.02.17 13:22:17,64.13,9.24,9.56,8.86,8.96,8.91,9.68,9.68,9.51,10.13,9.06,No Sensor,8.98,10.39,9,10.13,9.05,9,9.34,9.41,8.77,8.91,9.86,8.68,10.18,20,976,0,19.54,
13.02.17 13:22:32,64.38,9.24,9.59,8.85,8.98,8.86,9.63,9.64,9.51,10.12,9.03,No Sensor,8.93,10.39,8.96,10.15,9.05,9.03,9.38,9.39,8.72,8.9,9.85,8.67,10.17,20,976,0,19.54,
13.02.17 13:22:47,64.63,9.18,9.54,8.85,8.93,8.85,9.64,9.63,9.48,10.12,9.05,No Sensor,8.95,10.35,8.95,10.15,9.01,9.03,9.33,9.39,8.73,8.91,9.85,8.68,10.13,20,976,0,19.54,
13.02.17 13:23:02,64.88,9.23,9.53,8.85,8.93,8.86,9.63,9.68,9.53,10.1,9.03,No Sensor,8.93,10.39,8.93,10.1,9,9.03,9.38,9.39,8.72,8.9,9.81,8.62,10.15,20,976,0,19.52,
13.02.17 13:23:17,65.13,9.24,9.54,8.88,8.95,8.85,9.61,9.64,9.53,10.12,9.03,No Sensor,8.95,10.37,8.93,10.18,9.01,9,9.38,9.36,8.73,8.86,9.83,8.65,10.18,20,976,0,19.52,
13.02.17 13:23:32,65.38,9.26,9.53,8.88,8.96,8.88,9.64,9.64,9.49,10.15,9.03,No Sensor,8.91,10.41,8.91,10.13,9.03,9.03,9.34,9.44,8.75,8.9,9.85,8.65,10.13,20,976,0,19.52,
13.02.17 13:23:47,65.63,9.29,9.54,8.88,8.93,8.86,9.61,9.61,9.54,10.12,9.1,No Sensor,8.96,10.34,8.91,10.1,9.03,9,9.39,9.38,8.72,8.9,9.81,8.67,10.13,20,976,0,19.52,
13.02.17 13:24:02,65.88,9.24,9.56,8.86,8.98,8.86,9.66,9.63,9.49,10.12,9.05,No Sensor,8.93,10.41,8.95,10.15,9.03,9.01,9.39,9.36,8.72,8.88,9.81,8.65,10.17,20,976,0,19.52,
13.02.17 13:24:17,66.13,9.26,9.56,8.88,8.95,8.85,9.63,9.63,9.51,10.1,9.05,No Sensor,8.9,10.39,8.93,10.12,9.03,9,9.33,9.36,8.68,8.88,9.81,8.65,10.13,20,976,0,19.5,
13.02.17 13:24:32,66.38,9.24,9.58,8.86,8.93,8.86,9.61,9.59,9.51,10.08,8.98,No Sensor,8.86,10.34,8.95,10.1,9,8.96,9.36,9.38,8.72,8.85,9.8,8.64,10.13,20,976,0,19.52,
13.02.17 13:24:48,66.65,9.26,9.58,8.86,8.98,8.82,9.61,9.59,9.51,10.08,9.01,No Sensor,8.9,10.39,8.96,10.1,9.01,9,9.38,9.41,8.7,8.88,9.8,8.67,10.17,20,976,0,19.52,
13.02.17 13:25:03,66.9,9.26,9.58,8.86,8.93,8.86,9.63,9.63,9.49,10.08,9.01,No Sensor,8.9,10.37,8.96,10.12,9.03,8.96,9.34,9.38,8.73,8.86,9.8,8.65,10.13,20,976,0,19.5,
13.02.17 13:25:18,67.15,9.23,9.51,8.86,8.98,8.86,9.61,9.61,9.54,10.08,9.03,No Sensor,8.82,10.41,8.91,10.13,8.98,8.98,9.33,9.34,8.7,8.9,9.8,8.64,10.13,20,976,0,19.5,
13.02.17 13:25:33,67.4,9.23,9.56,8.83,8.96,8.83,9.63,9.59,9.48,10.1,9.03,No Sensor,8.83,10.37,8.93,10.12,9.01,8.91,9.36,9.39,8.72,8.91,9.81,8.62,10.17,20,976,0,19.52,
13.02.17 13:25:48,67.65,9.24,9.59,8.88,8.96,8.86,9.63,9.63,9.51,10.05,9.06,No Sensor,8.88,10.34,8.98,10.12,9,9,9.34,9.33,8.68,8.86,9.78,8.68,10.12,20,976,0,19.5,
13.02.17 13:26:03,67.9,9.26,9.56,8.86,8.95,8.85,9.59,9.64,9.49,10.08,9.03,No Sensor,8.83,10.35,8.95,10.08,9,8.9,9.34,9.38,8.7,8.88,9.81,8.67,10.15,20,976,0,19.5,
13.02.17 13:26:18,68.15,9.28,9.56,8.86,8.96,8.88,9.64,9.68,9.49,10.1,9.06,No Sensor,8.88,10.34,8.98,10.12,9,8.96,9.36,9.36,8.72,8.86,9.76,8.62,10.13,20,976,0,19.5,
13.02.17 13:26:33,68.4,9.26,9.58,8.86,8.96,8.82,9.61,9.58,9.51,10.1,9.01,No Sensor,8.86,10.39,8.96,10.1,9.03,8.95,9.36,9.34,8.67,8.9,9.8,8.64,10.13,20,976,0,19.5,
13.02.17 13:26:48,68.65,9.24,9.56,8.86,8.96,8.88,9.63,9.61,9.51,10.07,9.05,No Sensor,8.86,10.35,8.95,10.07,8.98,8.95,9.38,9.38,8.67,8.88,9.78,8.67,10.08,20,976,0,19.52,
13.02.17 13:27:03,68.9,9.28,9.61,8.91,9,8.86,9.66,9.66,9.54,10.08,9.08,No Sensor,8.85,10.37,8.96,10.12,9.03,8.91,9.39,9.39,8.73,8.9,9.8,8.7,10.17,20,976,0,19.52,
13.02.17 13:27:18,69.15,9.31,9.63,8.85,8.95,8.88,9.64,9.63,9.53,10.08,9.05,No Sensor,8.85,10.37,8.98,10.05,9.01,8.95,9.38,9.41,8.75,8.86,9.85,8.65,10.15,20,976,0,19.52,
13.02.17 13:27:33,69.4,9.29,9.63,8.83,8.95,8.86,9.64,9.59,9.51,10.05,9.03,No Sensor,8.85,10.37,9,10.08,9.01,8.95,9.39,9.36,8.72,8.88,9.81,8.65,10.12,20,976,0,19.52,
13.02.17 13:27:48,69.65,9.26,9.59,8.86,8.95,8.85,9.64,9.64,9.49,10.08,9.06,No Sensor,8.85,10.39,8.96,10.1,9.03,8.93,9.38,9.43,8.73,8.91,9.76,8.65,10.13,20,976,0,19.52,
13.02.17 13:28:03,69.9,9.29,9.63,8.88,8.98,8.88,9.71,9.61,9.51,10.1,9.06,No Sensor,8.83,10.3,9,10.12,9.03,8.93,9.38,9.38,8.68,8.91,9.81,8.68,10.1,20,976,0,19.52,
13.02.17 13:28:18,70.15,9.29,9.54,8.85,8.95,8.83,9.66,9.64,9.48,10.07,9.05,No Sensor,8.83,10.34,8.96,10.05,9.01,8.93,9.36,9.39,8.67,8.88,9.76,8.65,10.1,20,976,0,19.54,
13.02.17 13:28:33,70.4,9.28,9.63,8.83,8.96,8.86,9.61,9.63,9.48,10.08,9.03,No Sensor,8.82,10.34,8.96,10.08,9.01,8.95,9.39,9.41,8.72,8.9,9.78,8.62,10.07,20,976,0,19.52,
13.02.17 13:28:48,70.65,9.31,9.59,8.85,9,8.82,9.64,9.61,9.49,10.07,9.08,No Sensor,8.85,10.32,8.96,10.1,9.01,8.91,9.38,9.36,8.68,8.91,9.76,8.64,10.07,20,976,0,19.54,
13.02.17 13:29:03,70.9,9.28,9.63,8.83,8.96,8.82,9.66,9.59,9.48,10.07,9.03,No Sensor,8.8,10.32,8.93,10.12,9.01,8.93,9.36,9.39,8.67,8.91,9.8,8.62,10.12,20,976,0,19.54,
13.02.17 13:29:18,71.15,9.29,9.63,8.86,9,8.86,9.64,9.63,9.49,10.1,9.08,No Sensor,8.82,10.34,8.93,10.05,9.06,8.93,9.38,9.38,8.7,8.93,9.8,8.67,10.1,20,976,0,19.54,
13.02.17 13:29:33,71.4,9.28,9.64,8.86,9.03,8.86,9.66,9.58,9.51,10.08,9.08,No Sensor,8.78,10.34,8.98,10.08,9.01,8.95,9.41,9.39,8.68,8.93,9.81,8.68,10.1,20,976,0,19.54,
13.02.17 13:29:48,71.65,9.28,9.63,8.83,8.98,8.85,9.61,9.56,9.49,10.07,9.01,No Sensor,8.78,10.3,8.98,10.08,9.05,8.95,9.36,9.38,8.68,8.86,9.78,8.67,10.12,20,976,0,19.54,
13.02.17 13:30:04,71.92,9.31,9.58,8.86,9.01,8.85,9.68,9.61,9.44,10.01,9.06,No Sensor,8.82,10.3,8.96,10.07,9.03,8.91,9.41,9.36,8.7,8.91,9.85,8.64,10.12,20,976,0,19.54,
13.02.17 13:30:19,72.17,9.26,9.59,8.85,9.01,8.83,9.66,9.63,9.46,10.05,9.05,No Sensor,8.8,10.32,8.96,10.07,9.01,8.91,9.36,9.34,8.68,8.91,9.8,8.67,10.08,20,976,0,19.55,
13.02.17 13:30:34,72.42,9.33,9.61,8.83,9,8.85,9.64,9.59,9.48,10.01,9.03,No Sensor,8.78,10.35,9,10.08,8.98,8.91,9.39,9.34,8.67,8.86,9.78,8.62,10.1,20,976,0,19.55,
13.02.17 13:30:49,72.67,9.31,9.56,8.83,9.01,8.83,9.61,9.59,9.48,10.03,9.08,No Sensor,8.78,10.32,8.98,10.07,9.03,8.91,9.39,9.36,8.65,8.91,9.76,8.65,10.08,20,976,0,19.55,
13.02.17 13:31:04,72.92,9.29,9.61,8.83,9.01,8.82,9.68,9.58,9.49,10.07,9.14,No Sensor,8.77,10.34,9,10.07,9.06,8.91,9.38,9.41,8.72,8.9,9.78,8.64,10.08,20,976,0,19.57,
13.02.17 13:31:19,73.17,9.29,9.54,8.83,9.03,8.85,9.64,9.61,9.49,10.07,9.08,No Sensor,8.78,10.34,8.96,10.07,9.01,8.91,9.38,9.39,8.72,8.86,9.76,8.64,10.08,20,976,0,19.55,
13.02.17 13:31:34,73.42,9.31,9.59,8.86,9,8.83,9.68,9.61,9.49,10.12,9.1,No Sensor,8.78,10.3,8.96,10.08,9.01,8.93,9.41,9.41,8.67,8.95,9.78,8.65,10.07,20,976,0,19.57,
13.02.17 13:31:49,73.67,9.31,9.58,8.86,9.03,8.85,9.68,9.59,9.49,10.08,9.1,No Sensor,8.77,10.32,9.01,10.1,9.05,8.93,9.41,9.41,8.67,8.88,9.8,8.64,10.08,20,976,0,19.57,
13.02.17 13:32:04,73.92,9.29,9.58,8.86,9.03,8.83,9.64,9.58,9.48,10.05,9.08,No Sensor,8.77,10.3,8.98,10.07,9.03,8.88,9.39,9.38,8.67,8.9,9.78,8.62,10.03,20,976,0,19.59,
13.02.17 13:32:19,74.17,9.29,9.59,8.83,8.98,8.85,9.61,9.61,9.46,10.07,9.08,No Sensor,8.78,10.27,8.95,10.05,9.05,8.88,9.38,9.39,8.68,8.88,9.78,8.64,10.1,20,976,0,19.59,
13.02.17 13:32:34,74.42,9.34,9.58,8.83,9,8.86,9.69,9.61,9.48,10.07,9.1,No Sensor,8.77,10.29,8.96,10.07,9.08,8.91,9.43,9.34,8.67,8.95,9.81,8.67,10.08,20,976,0,19.61,
13.02.17 13:32:49,74.67,9.31,9.61,8.85,9.01,8.86,9.69,9.58,9.49,10.08,9.06,No Sensor,8.77,10.35,8.96,10.07,9.03,8.91,9.43,9.39,8.68,8.93,9.78,8.65,10.08,20,976,0,19.59,
13.02.17 13:33:04,74.92,9.31,9.58,8.82,9.01,8.88,9.69,9.59,9.48,10.03,9.1,No Sensor,8.75,10.32,9.01,10.07,9.1,8.9,9.41,9.43,8.72,8.86,9.8,8.64,10.1,20,976,0,19.61,
13.02.17 13:33:19,75.17,9.29,9.59,8.82,9.03,8.85,9.64,9.59,9.46,10.05,9.05,No Sensor,8.73,10.32,9,10.08,9.03,8.88,9.41,9.34,8.65,8.93,9.76,8.65,10.05,20,976,0,19.61,
13.02.17 13:33:34,75.42,9.34,9.61,8.82,9.08,8.88,9.68,9.61,9.49,10.05,9.08,No Sensor,8.75,10.37,9.03,10.17,9.08,8.9,9.41,9.43,8.73,8.91,9.81,8.67,10.07,20,976,0,19.61,
13.02.17 13:33:49,75.67,9.31,9.59,8.85,9.03,8.86,9.69,9.59,9.49,10.08,9.13,No Sensor,8.73,10.32,9,10.13,9.06,8.9,9.39,9.36,8.68,8.91,9.8,8.7,10.08,20,976,0,19.64,
13.02.17 13:34:04,75.92,9.31,9.61,8.86,9.08,8.85,9.69,9.56,9.46,10.08,9.13,No Sensor,8.75,10.35,9.05,10.12,9.11,8.91,9.43,9.39,8.73,8.91,9.8,8.68,10.1,20,976,0,19.61,
13.02.17 13:34:19,76.17,9.33,9.56,8.82,9.05,8.86,9.68,9.59,9.44,10.05,9.11,No Sensor,8.73,10.35,9.01,10.07,9.05,8.91,9.39,9.39,8.67,8.91,9.78,8.64,10.1,20,976,0,19.63,
13.02.17 13:34:34,76.42,9.29,9.54,8.77,9.01,8.83,9.68,9.56,9.43,10.01,9.14,No Sensor,8.7,10.32,9,10.12,9.05,8.88,9.41,9.38,8.72,8.86,9.76,8.62,10.07,20,976,0,19.64,
13.02.17 13:34:49,76.67,9.29,9.54,8.78,9.01,8.85,9.66,9.58,9.44,10.03,9.08,No Sensor,8.68,10.34,9.03,10.12,9.1,8.91,9.43,9.39,8.65,8.9,9.78,8.67,10.08,20,976,0,19.61,
13.02.17 13:35:04,76.92,9.24,9.54,8.78,9,8.82,9.61,9.53,9.41,10.01,9.1,No Sensor,8.72,10.34,8.98,10.1,9.06,8.88,9.39,9.38,8.64,8.91,9.76,8.65,10.03,20,976,0,19.61,
13.02.17 13:35:19,77.17,9.28,9.54,8.77,8.98,8.8,9.63,9.51,9.39,10.01,9.08,No Sensor,8.68,10.25,9,10.05,9.06,8.9,9.39,9.38,8.67,8.91,9.76,8.6,10.01,20,976,0,19.61,
13.02.17 13:35:34,77.42,9.24,9.49,8.8,9.03,8.82,9.59,9.51,9.43,10.03,9.08,No Sensor,8.75,10.32,9,10.05,9.05,8.88,9.39,9.41,8.64,8.9,9.73,8.65,10.07,20,976,0,19.61,
13.02.17 13:35:49,77.67,9.23,9.48,8.73,9,8.82,9.64,9.53,9.39,10.03,9.08,No Sensor,8.68,10.32,8.95,10.08,9.08,8.9,9.39,9.36,8.65,8.9,9.74,8.62,10.01,20,976,0,19.59,
13.02.17 13:36:04,77.92,9.28,9.51,8.77,9.01,8.8,9.64,9.54,9.43,10.03,9.11,No Sensor,8.67,10.3,8.98,10.07,9.06,8.85,9.41,9.43,8.68,8.9,9.76,8.67,10.01,20,976,0,19.59,
13.02.17 13:36:19,78.17,9.28,9.53,8.75,9.03,8.8,9.63,9.53,9.38,10.01,9.08,No Sensor,8.73,10.29,8.95,10.08,9.08,8.9,9.39,9.41,8.64,8.9,9.69,8.62,10.03,20,976,0,19.57,
13.02.17 13:36:34,78.42,9.21,9.48,8.77,8.96,8.73,9.59,9.46,9.36,10.01,9.08,No Sensor,8.68,10.27,8.95,10.07,9.06,8.83,9.38,9.41,8.67,8.9,9.73,8.62,10.07,20,976,0,19.57,
13.02.17 13:36:49,78.67,9.23,9.51,8.77,8.95,8.75,9.59,9.44,9.39,10,9.08,No Sensor,8.64,10.29,8.95,10.01,9,8.85,9.38,9.34,8.67,8.83,9.69,8.6,10.01,20,976,0,19.57,
13.02.17 13:37:04,78.92,9.24,9.49,8.77,9.03,8.75,9.59,9.51,9.38,10.01,9.11,No Sensor,8.68,10.27,8.96,10.07,9.05,8.83,9.38,9.41,8.64,8.86,9.71,8.64,10.07,20,976,0,19.57,
13.02.17 13:37:19,79.17,9.26,9.51,8.77,9,8.75,9.59,9.49,9.38,10,9.06,No Sensor,8.65,10.24,8.96,10.05,9.03,8.85,9.38,9.39,8.62,8.86,9.73,8.62,10,20,976,0,19.57,
13.02.17 13:37:34,79.42,9.24,9.51,8.78,9,8.78,9.59,9.46,9.38,9.98,9.1,No Sensor,8.62,10.29,9.01,10.01,9.05,8.83,9.39,9.36,8.64,8.88,9.71,8.64,10.05,20,976,0,19.57,
13.02.17 13:37:49,79.67,9.28,9.49,8.78,9.01,8.75,9.66,9.48,9.39,10,9.06,No Sensor,8.62,10.3,8.93,10.05,9.05,8.88,9.39,9.38,8.62,8.88,9.74,8.65,10.01,20,976,0,19.57,
13.02.17 13:38:04,79.92,9.23,9.53,8.82,9,8.77,9.59,9.48,9.36,10,9.05,No Sensor,8.65,10.29,8.98,10.05,9.01,8.85,9.43,9.39,8.62,8.88,9.71,8.62,10.03,20,976,0,19.57,
13.02.17 13:38:19,80.17,9.24,9.48,8.73,8.98,8.75,9.63,9.49,9.39,10.03,9.08,No Sensor,8.64,10.27,8.96,10.01,9.01,8.82,9.43,9.38,8.62,8.86,9.73,8.6,10.03,20,976,0,19.57,
13.02.17 13:38:34,80.42,9.24,9.51,8.77,9,8.75,9.59,9.49,9.34,10.03,9.06,No Sensor,8.6,10.25,8.96,10.01,9,8.82,9.43,9.31,8.62,8.86,9.69,8.62,9.98,20,976,0,19.57,
13.02.17 13:38:49,80.67,9.23,9.51,8.75,9.01,8.78,9.63,9.51,9.33,10,9.03,No Sensor,8.6,10.29,8.96,10,9.01,8.83,9.36,9.34,8.64,8.85,9.66,8.62,9.96,20,976,0,19.57,
13.02.17 13:39:04,80.92,9.28,9.58,8.8,9.01,8.77,9.61,9.53,9.38,10.03,9.1,No Sensor,8.64,10.29,8.95,10.01,9.05,8.85,9.39,9.38,8.62,8.85,9.69,8.62,10.03,20,976,0,19.55,
13.02.17 13:39:19,81.17,9.23,9.54,8.8,9.01,8.78,9.58,9.48,9.38,10.01,9.08,No Sensor,8.62,10.29,8.98,9.98,9.01,8.85,9.44,9.38,8.6,8.83,9.73,8.6,9.98,20,976,0,19.55,
13.02.17 13:39:34,81.42,9.28,9.54,8.75,9.05,8.77,9.61,9.48,9.38,10,9.11,No Sensor,8.62,10.24,8.95,9.98,9.05,8.82,9.39,9.33,8.64,8.9,9.69,8.64,9.98,20,976,0,19.55,
13.02.17 13:39:49,81.67,9.26,9.54,8.77,8.98,8.78,9.59,9.49,9.38,10.01,9.06,No Sensor,8.64,10.27,8.96,9.98,9.01,8.82,9.39,9.36,8.6,8.86,9.71,8.65,10,20,976,0,19.57,
13.02.17 13:40:04,81.92,9.21,9.54,8.77,9,8.78,9.61,9.48,9.36,10,9.05,No Sensor,8.57,10.24,8.96,9.98,9.06,8.8,9.41,9.38,8.62,8.86,9.69,8.65,10.01,20,976,0,19.57,
13.02.17 13:40:19,82.17,9.23,9.49,8.73,9.01,8.78,9.63,9.48,9.36,9.96,9.03,No Sensor,8.57,10.22,8.95,9.96,9.03,8.78,9.43,9.33,8.59,8.88,9.68,8.64,10.01,20,976,0,19.57,
13.02.17 13:40:34,82.42,9.26,9.53,8.77,9.03,8.78,9.63,9.48,9.36,10.03,9.08,No Sensor,8.62,10.22,8.96,10,9.03,8.8,9.43,9.39,8.59,8.85,9.74,8.64,9.96,20,976,0,19.55,
13.02.17 13:40:49,82.67,9.24,9.51,8.73,8.96,8.8,9.56,9.48,9.38,9.96,9.06,No Sensor,8.59,10.25,8.95,9.95,9.06,8.82,9.39,9.34,8.6,8.8,9.68,8.6,9.96,20,976,0,19.57,
13.02.17 13:41:05,82.93,9.24,9.58,8.8,9.01,8.77,9.59,9.46,9.39,10.01,9.1,No Sensor,8.57,10.29,8.98,10,9.01,8.8,9.43,9.33,8.64,8.86,9.76,8.64,10.03,20,976,0,19.57,
13.02.17 13:41:19,83.17,9.28,9.56,8.73,9.01,8.8,9.61,9.46,9.39,10,9.1,No Sensor,8.55,10.24,8.98,9.98,9.05,8.77,9.39,9.31,8.55,8.82,9.66,8.64,10,20,976,0,19.57,
13.02.17 13:41:35,83.43,9.26,9.56,8.78,9.05,8.78,9.61,9.46,9.38,9.98,9.1,No Sensor,8.6,10.27,8.96,9.96,9.08,8.82,9.41,9.34,8.6,8.9,9.66,8.64,10,20,976,0,19.57,
13.02.17 13:41:50,83.68,9.28,9.51,8.75,9.03,8.75,9.58,9.48,9.34,9.98,9.11,No Sensor,8.57,10.24,8.98,10,9,8.8,9.39,9.39,8.59,8.88,9.71,8.65,9.96,20,976,0,19.57,
13.02.17 13:42:05,83.93,9.28,9.56,8.75,9.05,8.75,9.63,9.48,9.34,10,9.08,No Sensor,8.59,10.24,8.96,10,9.01,8.8,9.41,9.34,8.6,8.88,9.73,8.59,9.95,20,976,0,19.59,
13.02.17 13:42:20,84.18,9.28,9.53,8.78,9,8.78,9.63,9.48,9.34,10.01,9.06,No Sensor,8.59,10.29,8.95,10,9.06,8.82,9.41,9.34,8.62,8.9,9.69,8.6,10,20,976,0,19.59,
13.02.17 13:42:35,84.43,9.26,9.56,8.8,9.05,8.77,9.61,9.48,9.36,10.01,9.1,No Sensor,8.57,10.24,8.96,9.98,9.06,8.78,9.44,9.36,8.57,8.93,9.71,8.62,10,20,976,0,19.59,
13.02.17 13:42:50,84.68,9.24,9.56,8.77,9.01,8.78,9.61,9.51,9.34,9.98,9.11,No Sensor,8.59,10.27,8.98,9.98,9.05,8.78,9.43,9.39,8.6,8.86,9.66,8.57,9.96,20,976,0,19.59,
13.02.17 13:43:05,84.93,9.28,9.51,8.72,9.05,8.75,9.63,9.44,9.36,10,9.11,No Sensor,8.55,10.24,8.96,9.96,9,8.78,9.43,9.38,8.59,8.9,9.71,8.62,9.98,20,976,0,19.59,
13.02.17 13:43:20,85.18,9.28,9.54,8.75,9.01,8.75,9.61,9.44,9.34,9.98,9.14,No Sensor,8.55,10.25,8.95,9.95,9.03,8.8,9.44,9.41,8.62,8.9,9.71,8.65,9.98,20,976,0,19.59,
13.02.17 13:43:36,85.45,9.26,9.58,8.72,9.01,8.8,9.59,9.48,9.38,9.98,9.1,No Sensor,8.54,10.22,9,10.01,9.05,8.77,9.43,9.36,8.62,8.86,9.73,8.62,10,20,976,0,19.59,
13.02.17 13:43:51,85.7,9.28,9.53,8.75,9,8.77,9.63,9.48,9.33,9.96,9.1,No Sensor,8.54,10.2,8.96,10,9.01,8.77,9.43,9.34,8.59,8.88,9.71,8.6,9.95,20,976,0,19.59,
13.02.17 13:44:06,85.95,9.26,9.54,8.72,9.05,8.8,9.63,9.49,9.31,9.96,9.11,No Sensor,8.52,10.24,8.96,10,9.03,8.73,9.39,9.36,8.59,8.85,9.69,8.59,9.95,20,976,0,19.61,
13.02.17 13:44:21,86.2,9.28,9.53,8.75,9.06,8.77,9.59,9.49,9.29,9.98,9.1,No Sensor,8.55,10.22,8.98,10,9.01,8.77,9.39,9.41,8.57,8.88,9.68,8.6,9.98,20,976,0,19.61,
13.02.17 13:44:36,86.45,9.29,9.53,8.7,9.03,8.78,9.63,9.43,9.34,9.98,9.1,No Sensor,8.55,10.2,8.95,9.96,9.05,8.75,9.43,9.34,8.59,8.88,9.71,8.59,9.98,20,976,0,19.61,
13.02.17 13:44:51,86.7,9.28,9.53,8.78,9.06,8.77,9.64,9.48,9.31,10,9.08,No Sensor,8.55,10.18,8.98,9.96,9.05,8.73,9.41,9.34,8.54,8.86,9.71,8.62,9.93,20,976,0,19.61,
13.02.17 13:45:06,86.95,9.26,9.58,8.77,9.05,8.8,9.61,9.51,9.33,10.01,9.1,No Sensor,8.55,10.25,8.98,9.96,9.03,8.75,9.41,9.39,8.59,8.86,9.68,8.62,9.96,20,976,0,19.61,
13.02.17 13:45:21,87.2,9.29,9.54,8.72,9.01,8.8,9.58,9.46,9.33,9.98,9.1,No Sensor,8.52,10.2,8.98,9.93,9.05,8.73,9.41,9.34,8.57,8.83,9.69,8.62,9.93,20,976,0,19.61,
13.02.17 13:45:36,87.45,9.28,9.51,8.78,9.05,8.73,9.63,9.46,9.29,10,9.06,No Sensor,8.55,10.18,9,9.95,9.06,8.73,9.43,9.36,8.59,8.86,9.69,8.62,9.93,20,976,0,19.64,
13.02.17 13:45:51,87.7,9.29,9.56,8.77,9.01,8.78,9.64,9.44,9.31,9.98,9.1,No Sensor,8.47,10.18,9,9.93,9.05,8.75,9.43,9.34,8.59,8.91,9.69,8.59,9.95,20,976,0,19.64,
13.02.17 13:46:06,87.95,9.28,9.59,8.78,9.06,8.77,9.61,9.48,9.34,9.98,9.11,No Sensor,8.54,10.22,9,10,9.01,8.78,9.46,9.38,8.6,8.9,9.69,8.64,9.95,20,976,0,19.64,
13.02.17 13:46:21,88.2,9.31,9.56,8.77,9.05,8.82,9.63,9.48,9.29,10,9.11,No Sensor,8.49,10.22,8.98,9.96,9.06,8.75,9.44,9.34,8.57,8.91,9.68,8.6,9.95,20,976,0,19.64,
13.02.17 13:46:36,88.45,9.28,9.56,8.75,9.06,8.77,9.66,9.48,9.29,10,9.06,No Sensor,8.49,10.22,9,9.96,9.06,8.75,9.43,9.31,8.55,8.86,9.69,8.59,9.9,20,976,0,19.64,
13.02.17 13:46:51,88.7,9.21,9.54,8.75,9.01,8.78,9.64,9.48,9.33,9.96,9.08,No Sensor,8.54,10.24,8.96,9.96,9.01,8.73,9.39,9.33,8.59,8.9,9.71,8.59,9.91,20,976,0,19.66,
13.02.17 13:47:06,88.95,9.29,9.58,8.73,9.08,8.8,9.61,9.44,9.29,9.98,9.13,No Sensor,8.47,10.18,8.98,9.96,9.03,8.73,9.43,9.33,8.59,8.9,9.64,8.62,9.95,20,976,0,19.65,
13.02.17 13:47:21,89.2,9.33,9.56,8.72,9.08,8.8,9.69,9.44,9.33,9.98,9.11,No Sensor,8.52,10.2,9,10,9.06,8.75,9.44,9.34,8.55,8.91,9.66,8.64,9.95,20,976,0,19.65,
13.02.17 13:47:36,89.45,9.26,9.51,8.75,9.06,8.8,9.68,9.49,9.28,10.01,9.11,No Sensor,8.49,10.22,9,9.91,9.05,8.77,9.44,9.34,8.6,8.9,9.69,8.6,9.93,20,976,0,19.65,
13.02.17 13:47:51,89.7,9.28,9.56,8.75,9.05,8.73,9.58,9.48,9.31,10.01,9.06,No Sensor,8.47,10.18,9,10,9.08,8.73,9.44,9.38,8.57,8.9,9.69,8.64,9.95,20,976,0,19.65,
13.02.17 13:48:07,89.97,9.28,9.53,8.72,9.03,8.78,9.58,9.46,9.28,9.98,9.08,No Sensor,8.49,10.22,8.96,9.93,9.08,8.75,9.44,9.36,8.59,8.93,9.66,8.6,9.95,20,976,0,19.68,
13.02.17 13:48:22,90.22,9.26,9.56,8.73,9.08,8.73,9.59,9.44,9.24,9.98,9.06,No Sensor,8.49,10.22,9,9.96,9.03,8.72,9.43,9.36,8.62,8.9,9.68,8.64,9.93,20,976,0,19.68,
13.02.17 13:48:37,90.47,9.26,9.49,8.72,9,8.77,9.61,9.41,9.26,9.95,9.08,No Sensor,8.47,10.22,8.98,9.96,9.06,8.73,9.44,9.38,8.54,8.9,9.66,8.59,9.91,20,976,0,19.65,
13.02.17 13:48:52,90.72,9.24,9.51,8.68,9.03,8.72,9.61,9.46,9.23,9.96,9.08,No Sensor,8.47,10.18,9,9.95,9.03,8.7,9.44,9.36,8.59,8.85,9.69,8.62,9.9,20,976,0,19.65,
13.02.17 13:49:07,90.97,9.24,9.49,8.68,9.01,8.77,9.61,9.41,9.24,10,9.11,No Sensor,8.51,10.18,8.93,9.93,9.03,8.72,9.41,9.34,8.59,8.91,9.66,8.62,9.9,20,976,0,19.65,
13.02.17 13:49:22,91.22,9.21,9.39,8.68,8.96,8.72,9.59,9.38,9.23,9.9,9.08,No Sensor,8.44,10.17,8.95,9.96,9.03,8.68,9.39,9.38,8.54,8.83,9.64,8.57,9.85,20,976,0,19.64,
13.02.17 13:49:37,91.47,9.21,9.44,8.67,9.03,8.72,9.58,9.39,9.24,9.95,9.11,No Sensor,8.47,10.17,8.95,9.95,9.08,8.72,9.41,9.41,8.57,8.88,9.61,8.65,9.88,20,976,0,19.66,
13.02.17 13:49:52,91.72,9.19,9.46,8.65,8.96,8.7,9.54,9.38,9.21,9.91,9.08,No Sensor,8.41,10.13,8.96,9.9,9.01,8.68,9.39,9.36,8.54,8.82,9.63,8.6,9.86,20,976,0,19.64,
13.02.17 13:50:07,91.97,9.21,9.44,8.65,9.01,8.67,9.54,9.36,9.23,9.93,9.08,No Sensor,8.46,10.15,8.98,9.93,9.01,8.65,9.38,9.34,8.52,8.83,9.61,8.62,9.88,20,976,0,19.64,
13.02.17 13:50:22,92.22,9.23,9.44,8.65,8.98,8.68,9.58,9.36,9.21,9.91,9.05,No Sensor,8.46,10.17,8.95,9.95,9.06,8.7,9.43,9.38,8.55,8.8,9.63,8.6,9.88,20,976,0,19.64,
13.02.17 13:50:37,92.47,9.19,9.46,8.68,9,8.68,9.58,9.39,9.21,9.91,9.1,No Sensor,8.47,10.1,8.98,9.93,9.08,8.68,9.41,9.34,8.55,8.83,9.64,8.59,9.88,20,976,0,19.63,
13.02.17 13:50:52,92.72,9.21,9.46,8.65,9,8.68,9.63,9.38,9.19,9.93,9.1,No Sensor,8.42,10.12,9.01,9.93,9.05,8.68,9.43,9.38,8.57,8.82,9.61,8.57,9.85,20,976,0,19.61,
13.02.17 13:51:07,92.97,9.18,9.48,8.67,9.03,8.68,9.53,9.36,9.19,9.96,9.06,No Sensor,8.41,10.18,8.95,9.91,9.01,8.67,9.38,9.34,8.54,8.78,9.59,8.54,9.88,20,976,0,19.61,
13.02.17 13:51:23,93.23,9.16,9.43,8.62,8.98,8.72,9.58,9.33,9.18,9.9,9.1,No Sensor,8.41,10.13,8.96,9.91,9.01,8.68,9.39,9.34,8.51,8.82,9.63,8.59,9.85,20,976,0,19.61,
13.02.17 13:51:38,93.48,9.18,9.46,8.62,9.01,8.68,9.58,9.41,9.26,9.93,9.05,No Sensor,8.41,10.13,8.96,9.91,9,8.67,9.43,9.28,8.52,8.82,9.56,8.59,9.88,20,976,0,19.61,
13.02.17 13:51:53,93.73,9.21,9.48,8.64,9,8.72,9.61,9.38,9.18,9.95,9.1,No Sensor,8.39,10.13,8.98,9.91,9.01,8.67,9.41,9.34,8.52,8.85,9.61,8.59,9.86,20,976,0,19.59,
13.02.17 13:52:08,93.98,9.18,9.46,8.64,9.01,8.7,9.58,9.36,9.24,9.93,9.11,No Sensor,8.42,10.15,8.95,9.9,9.01,8.68,9.41,9.36,8.51,8.86,9.59,8.59,9.86,20,976,0,19.59,
13.02.17 13:52:23,94.23,9.19,9.46,8.65,9,8.67,9.59,9.41,9.21,9.93,9.08,No Sensor,8.42,10.15,8.95,9.85,9.03,8.68,9.41,9.34,8.54,8.86,9.61,8.6,9.88,20,976,0,19.59,
13.02.17 13:52:38,94.48,9.23,9.48,8.64,9,8.68,9.61,9.39,9.21,9.95,9.08,No Sensor,8.38,10.17,8.98,9.9,9,8.67,9.43,9.36,8.54,8.8,9.58,8.54,9.9,20,976,0,19.61,
13.02.17 13:52:53,94.73,9.21,9.49,8.67,9.01,8.67,9.56,9.36,9.23,9.93,9.08,No Sensor,8.41,10.12,8.96,9.9,8.98,8.67,9.44,9.28,8.49,8.83,9.56,8.57,9.85,20,976,0,19.59,
13.02.17 13:53:08,94.98,9.23,9.46,8.68,9,8.67,9.58,9.38,9.23,9.93,9.06,No Sensor,8.39,10.15,8.93,9.88,9.03,8.64,9.44,9.36,8.51,8.82,9.61,8.6,9.86,20,976,0,19.61,
13.02.17 13:53:23,95.23,9.21,9.44,8.67,8.96,8.65,9.53,9.38,9.21,9.91,9.1,No Sensor,8.39,10.15,8.9,9.86,9.01,8.67,9.43,9.38,8.49,8.85,9.63,8.57,9.85,20,976,0,19.59,
13.02.17 13:53:38,95.48,9.19,9.46,8.64,8.96,8.62,9.54,9.34,9.19,9.95,9.03,No Sensor,8.38,10.1,8.93,9.9,9.01,8.67,9.38,9.29,8.46,8.8,9.59,8.55,9.86,20,976,0,19.59,
13.02.17 13:53:53,95.73,9.24,9.48,8.67,9,8.68,9.58,9.38,9.19,9.95,9.13,No Sensor,8.38,10.17,8.95,9.91,9.03,8.64,9.39,9.36,8.51,8.83,9.61,8.59,9.85,20,976,0,19.59,
13.02.17 13:54:08,95.98,9.19,9.49,8.67,9,8.67,9.54,9.33,9.23,9.91,9.08,No Sensor,8.38,10.12,8.96,9.91,9,8.64,9.44,9.38,8.51,8.83,9.59,8.55,9.83,20,976,0,19.59,
13.02.17 13:54:23,96.23,9.24,9.44,8.65,8.98,8.68,9.58,9.39,9.19,9.95,9.11,No Sensor,8.38,10.15,8.95,9.9,9,8.64,9.39,9.29,8.47,8.86,9.61,8.55,9.86,20,976,0,19.59,
13.02.17 13:54:38,96.48,9.21,9.48,8.64,8.98,8.65,9.54,9.33,9.23,9.91,9.1,No Sensor,8.34,10.17,8.95,9.86,9,8.65,9.43,9.36,8.51,8.86,9.61,8.59,9.85,20,976,0,19.61,
13.02.17 13:54:53,96.73,9.23,9.49,8.67,9.03,8.72,9.58,9.39,9.21,9.9,9.1,No Sensor,8.38,10.17,8.91,9.9,9.01,8.62,9.39,9.34,8.49,8.83,9.61,8.59,9.85,20,976,0,19.61,
13.02.17 13:55:08,96.98,9.21,9.48,8.64,8.96,8.65,9.54,9.34,9.16,9.9,9.06,No Sensor,8.38,10.1,8.93,9.88,8.98,8.62,9.38,9.34,8.47,8.82,9.59,8.59,9.86,20,976,0,19.61,
13.02.17 13:55:23,97.23,9.23,9.46,8.67,8.98,8.7,9.53,9.33,9.21,9.91,9.08,No Sensor,8.34,10.1,8.96,9.85,9,8.6,9.41,9.33,8.51,8.82,9.61,8.55,9.81,20,976,0,19.61,
13.02.17 13:55:38,97.48,9.23,9.48,8.65,9.03,8.65,9.58,9.31,9.18,9.91,9.06,No Sensor,8.33,10.12,8.96,9.88,9.03,8.64,9.43,9.33,8.47,8.83,9.58,8.54,9.8,20,976,0,19.61,
13.02.17 13:55:53,97.73,9.23,9.48,8.65,9.03,8.72,9.58,9.36,9.21,9.91,9.11,No Sensor,8.38,10.1,8.93,9.86,9.01,8.6,9.43,9.29,8.51,8.88,9.56,8.59,9.83,20,976,0,19.61,
13.02.17 13:56:08,97.98,9.23,9.46,8.64,9.05,8.67,9.54,9.39,9.19,9.93,9.11,No Sensor,8.31,10.1,8.93,9.81,8.98,8.64,9.39,9.33,8.52,8.88,9.61,8.57,9.85,20,976,0,19.61,
13.02.17 13:56:23,98.23,9.23,9.46,8.67,9.05,8.68,9.56,9.39,9.19,9.93,9.06,No Sensor,8.36,10.13,8.93,9.91,9.03,8.62,9.41,9.36,8.52,8.86,9.64,8.54,9.81,20,976,0,19.61,
13.02.17 13:56:38,98.48,9.28,9.49,8.62,9.05,8.7,9.56,9.34,9.19,9.93,9.14,No Sensor,8.38,10.08,8.96,9.88,9.03,8.62,9.43,9.34,8.52,8.85,9.61,8.6,9.83,20,976,0,19.61,
13.02.17 13:56:53,98.73,9.24,9.51,8.65,9.01,8.67,9.59,9.36,9.18,9.93,9.1,No Sensor,8.34,10.13,8.96,9.85,9.03,8.62,9.43,9.34,8.51,8.83,9.61,8.57,9.83,20,976,0,19.61,
13.02.17 13:57:08,98.98,9.23,9.49,8.65,9.05,8.67,9.59,9.36,9.18,9.95,9.08,No Sensor,8.34,10.08,8.96,9.88,9,8.59,9.44,9.33,8.47,8.83,9.58,8.55,9.83,20,976,0,19.63,
13.02.17 13:57:23,99.23,9.23,9.49,8.65,9.03,8.68,9.56,9.38,9.19,9.93,9.08,No Sensor,8.31,10.12,8.95,9.88,9.01,8.64,9.41,9.34,8.49,8.86,9.61,8.59,9.81,20,976,0,19.61,
13.02.17 13:57:38,99.48,9.21,9.48,8.64,9.01,8.67,9.58,9.33,9.19,9.93,9.11,No Sensor,8.34,10.1,8.96,9.9,9.01,8.62,9.41,9.31,8.47,8.86,9.61,8.59,9.85,20,976,0,19.63,
13.02.17 13:57:53,99.73,9.24,9.53,8.7,9.03,8.68,9.58,9.38,9.19,9.9,9.13,No Sensor,8.36,10.12,8.95,9.81,9.05,8.6,9.44,9.38,8.49,8.83,9.58,8.54,9.85,20,976,0,19.63,
13.02.17 13:58:08,99.98,9.26,9.49,8.65,9,8.7,9.58,9.43,9.18,9.95,9.1,No Sensor,8.33,10.12,8.98,9.85,9.01,8.62,9.43,9.31,8.47,8.85,9.59,8.59,9.81,20,976,0,19.64,
13.02.17 13:58:23,100.23,9.26,9.51,8.62,9.05,8.68,9.54,9.36,9.18,9.88,9.11,No Sensor,8.34,10.13,8.98,9.86,9.01,8.6,9.41,9.31,8.49,8.85,9.63,8.54,9.81,20,976,0,19.64,
13.02.17 13:58:38,100.48,9.28,9.51,8.67,9.05,8.68,9.58,9.34,9.21,9.93,9.08,No Sensor,8.38,10.12,8.98,9.9,8.98,8.64,9.39,9.31,8.51,8.86,9.58,8.54,9.81,20,976,0,19.64,
13.02.17 13:58:53,100.73,9.24,9.49,8.67,9.01,8.68,9.61,9.39,9.16,9.95,9.1,No Sensor,8.36,10.1,8.96,9.86,9.03,8.6,9.39,9.36,8.49,8.82,9.56,8.57,9.78,20,976,0,19.64,
13.02.17 13:59:08,100.98,9.23,9.51,8.68,9.01,8.7,9.59,9.33,9.19,9.9,9.05,No Sensor,8.33,10.12,8.95,9.83,9,8.59,9.41,9.31,8.47,8.83,9.56,8.54,9.81,20,976,0,19.65,
13.02.17 13:59:23,101.23,9.24,9.53,8.65,9.03,8.65,9.58,9.36,9.16,9.9,9.13,No Sensor,8.34,10.1,8.96,9.86,9.06,8.59,9.46,9.38,8.51,8.9,9.58,8.55,9.78,20,976,0,19.65,
13.02.17 13:59:38,101.48,9.24,9.53,8.65,9.03,8.7,9.59,9.38,9.18,9.93,9.1,No Sensor,8.33,10.1,8.95,9.83,9.01,8.59,9.41,9.34,8.49,8.85,9.61,8.57,9.85,20,976,0,19.68,
13.02.17 13:59:53,101.73,9.23,9.53,8.65,9.01,8.68,9.59,9.33,9.16,9.91,9.11,No Sensor,8.3,10.1,8.98,9.83,8.98,8.59,9.41,9.36,8.49,8.86,9.59,8.57,9.81,20,976,0,19.65,
13.02.17 14:00:08,101.98,9.26,9.49,8.67,9.06,8.68,9.63,9.38,9.16,9.9,9.06,No Sensor,8.31,10.12,8.96,9.86,9.01,8.59,9.41,9.36,8.51,8.86,9.59,8.59,9.83,20,976,0,19.65,
13.02.17 14:00:23,102.23,9.24,9.48,8.62,9.01,8.68,9.58,9.34,9.16,9.88,9.13,No Sensor,8.3,10.13,8.95,9.83,9.01,8.57,9.43,9.33,8.46,8.83,9.58,8.55,9.78,20,976,0,19.68,
13.02.17 14:00:38,102.48,9.24,9.51,8.64,9.05,8.65,9.59,9.33,9.16,9.93,9.1,No Sensor,8.34,10.07,8.95,9.83,9.03,8.59,9.43,9.31,8.46,8.86,9.59,8.59,9.8,20,976,0,19.68,
13.02.17 14:00:53,102.73,9.21,9.51,8.64,9.05,8.67,9.56,9.38,9.14,9.95,9.1,No Sensor,8.26,10.1,8.95,9.85,9.05,8.59,9.38,9.33,8.49,8.86,9.56,8.6,9.81,20,976,0,19.68,
13.02.17 14:01:08,102.98,9.24,9.51,8.64,9.05,8.7,9.61,9.38,9.16,9.9,9.1,No Sensor,8.31,10.12,9,9.88,9,8.57,9.46,9.36,8.49,8.9,9.61,8.55,9.78,20,976,0,19.68,
13.02.17 14:01:23,103.23,9.21,9.49,8.62,9.03,8.65,9.59,9.34,9.18,9.91,9.08,No Sensor,8.31,10.08,8.95,9.9,9.01,8.57,9.44,9.31,8.46,8.85,9.63,8.59,9.78,20,976,0,19.68,
13.02.17 14:01:38,103.48,9.29,9.44,8.62,8.98,8.67,9.53,9.34,9.13,9.88,9.06,No Sensor,8.28,10.07,8.98,9.81,9.01,8.49,9.38,9.33,8.47,8.85,9.53,8.54,9.73,20,976,0,19.68,
13.02.17 14:01:53,103.73,9.29,9.48,8.59,9.01,8.65,9.56,9.34,9.16,9.88,9.1,No Sensor,8.28,10.07,8.98,9.86,9.01,8.54,9.39,9.38,8.49,8.86,9.58,8.54,9.78,20,976,0,19.68,
13.02.17 14:02:08,103.98,9.24,9.48,8.57,8.98,8.64,9.58,9.31,9.16,9.91,9.08,No Sensor,8.26,10.07,8.96,9.8,9,8.49,9.38,9.34,8.49,8.85,9.49,8.57,9.73,20,976,0,19.68,
13.02.17 14:02:23,104.23,9.23,9.46,8.6,9.01,8.65,9.54,9.31,9.13,9.9,9.1,No Sensor,8.26,10.07,9,9.83,8.98,8.51,9.38,9.34,8.46,8.86,9.58,8.55,9.73,20,976,0,19.68,
13.02.17 14:02:38,104.48,9.23,9.44,8.62,9.05,8.65,9.53,9.33,9.11,9.91,9.13,No Sensor,8.28,10.07,8.95,9.85,9.03,8.55,9.43,9.29,8.46,8.86,9.54,8.55,9.76,20,976,0,19.68,
13.02.17 14:02:53,104.73,9.19,9.48,8.59,8.98,8.64,9.49,9.31,9.08,9.86,9.08,No Sensor,8.26,10.07,8.95,9.86,8.96,8.52,9.43,9.34,8.44,8.83,9.56,8.55,9.74,20,976,0,19.68,
13.02.17 14:03:09,105,9.23,9.46,8.62,9,8.64,9.51,9.28,9.1,9.93,9.08,No Sensor,8.23,10.07,8.93,9.81,8.98,8.54,9.39,9.33,8.41,8.82,9.49,8.55,9.74,20,976,0,19.68,
13.02.17 14:03:24,105.25,9.24,9.43,8.57,8.98,8.6,9.51,9.31,9.08,9.88,9.06,No Sensor,8.26,10.03,8.9,9.78,9.01,8.54,9.39,9.31,8.46,8.82,9.51,8.57,9.74,20,976,0,19.66,
13.02.17 14:03:39,105.5,9.21,9.41,8.57,8.96,8.64,9.49,9.24,9.1,9.86,9.06,No Sensor,8.25,10.03,8.9,9.81,9.03,8.55,9.38,9.28,8.42,8.8,9.54,8.54,9.74,20,976,0,19.66,
13.02.17 14:03:54,105.75,9.19,9.39,8.57,9,8.59,9.58,9.29,9.08,9.86,9.08,No Sensor,8.23,10.03,8.91,9.78,8.98,8.49,9.36,9.26,8.42,8.8,9.53,8.55,9.73,20,976,0,19.65,
13.02.17 14:04:09,106,9.19,9.38,8.52,8.96,8.6,9.44,9.29,9.1,9.88,9.08,No Sensor,8.25,10.03,8.9,9.81,9.01,8.54,9.39,9.31,8.36,8.82,9.51,8.57,9.74,20,976,0,19.65,
13.02.17 14:04:24,106.25,9.19,9.39,8.55,8.96,8.55,9.48,9.26,9.05,9.9,9.06,No Sensor,8.23,10.08,8.91,9.76,9.01,8.49,9.39,9.34,8.42,8.78,9.51,8.51,9.71,20,976,0,19.64,
13.02.17 14:04:39,106.5,9.18,9.43,8.6,8.96,8.59,9.49,9.29,9.05,9.88,9.1,No Sensor,8.21,10.01,8.95,9.78,9,8.52,9.36,9.29,8.42,8.8,9.53,8.52,9.74,20,976,0,19.64,
13.02.17 14:04:54,106.75,9.13,9.39,8.57,8.95,8.59,9.51,9.31,9.06,9.88,9.1,No Sensor,8.25,10.08,8.91,9.78,9,8.52,9.38,9.28,8.41,8.78,9.53,8.55,9.69,20,976,0,19.64,
13.02.17 14:05:09,107,9.16,9.41,8.57,9.01,8.62,9.48,9.29,9.06,9.88,9.08,No Sensor,8.23,10.01,8.91,9.76,9.01,8.52,9.39,9.31,8.41,8.75,9.51,8.54,9.71,20,976,0,19.64,
13.02.17 14:05:24,107.25,9.19,9.39,8.55,8.95,8.55,9.48,9.33,9.08,9.88,9.06,No Sensor,8.21,10.05,8.96,9.8,8.98,8.51,9.38,9.28,8.42,8.77,9.51,8.55,9.73,20,976,0,19.61,
13.02.17 14:05:39,107.5,9.18,9.41,8.59,8.96,8.62,9.51,9.31,9.08,9.86,9.06,No Sensor,8.21,10,8.91,9.8,8.98,8.52,9.39,9.31,8.41,8.8,9.49,8.54,9.71,20,976,0,19.61,
13.02.17 14:05:54,107.75,9.19,9.43,8.57,8.96,8.6,9.51,9.31,9.06,9.88,9.05,No Sensor,8.2,10.05,8.95,9.78,9,8.52,9.38,9.33,8.39,8.8,9.48,8.51,9.73,20,976,0,19.63,
13.02.17 14:06:09,108,9.18,9.41,8.55,9.01,8.55,9.46,9.31,9.08,9.86,9.08,No Sensor,8.2,10.05,8.93,9.76,8.95,8.51,9.38,9.34,8.41,8.78,9.46,8.55,9.73,20,976,0,19.61,
13.02.17 14:06:24,108.25,9.18,9.41,8.59,8.98,8.62,9.49,9.29,9.05,9.9,9.08,No Sensor,8.23,10.03,8.91,9.76,8.96,8.47,9.41,9.26,8.36,8.78,9.49,8.49,9.69,20,976,0,19.61,
13.02.17 14:06:39,108.5,9.18,9.36,8.51,8.98,8.59,9.46,9.29,9.05,9.85,9.05,No Sensor,8.2,10,8.93,9.78,8.98,8.47,9.38,9.28,8.38,8.77,9.49,8.52,9.73,20,976,0,19.61,
13.02.17 14:06:54,108.75,9.18,9.39,8.52,8.96,8.6,9.49,9.29,9.05,9.86,9.05,No Sensor,8.2,10.01,8.91,9.73,8.96,8.47,9.38,9.29,8.38,8.77,9.48,8.49,9.69,20,976,0,19.61,
13.02.17 14:07:09,109,9.16,9.43,8.55,8.96,8.6,9.48,9.29,9.05,9.88,9.05,No Sensor,8.2,10.01,8.91,9.76,8.95,8.47,9.38,9.28,8.39,8.75,9.49,8.52,9.73,20,976,0,19.61,
13.02.17 14:07:24,109.25,9.18,9.44,8.57,8.95,8.62,9.46,9.33,9.06,9.86,9.05,No Sensor,8.18,9.98,8.9,9.74,8.93,8.46,9.39,9.31,8.36,8.8,9.46,8.52,9.71,20,976,0,19.61,
13.02.17 14:07:39,109.5,9.19,9.43,8.52,9,8.6,9.48,9.28,9.03,9.88,9.06,No Sensor,8.21,10,8.93,9.74,9,8.49,9.39,9.29,8.41,8.75,9.51,8.52,9.69,20,976,0,19.61,
13.02.17 14:07:54,109.75,9.21,9.41,8.55,8.95,8.6,9.51,9.29,9.06,9.86,9.1,No Sensor,8.17,10.01,8.88,9.74,9,8.47,9.38,9.29,8.36,8.77,9.49,8.52,9.71,20,976,0,19.63,
13.02.17 14:08:09,110,9.18,9.44,8.55,9,8.59,9.56,9.33,9.06,9.86,9.11,No Sensor,8.15,10.01,8.9,9.76,9,8.47,9.38,9.24,8.39,8.82,9.51,8.52,9.71,20,976,0,19.61,
13.02.17 14:08:24,110.25,9.19,9.46,8.54,8.98,8.6,9.53,9.31,9.03,9.86,9.08,No Sensor,8.2,10.01,8.9,9.76,8.98,8.44,9.41,9.29,8.36,8.8,9.49,8.51,9.68,20,976,0,19.61,
13.02.17 14:08:39,110.5,9.18,9.44,8.52,8.96,8.6,9.51,9.26,9.06,9.88,9.06,No Sensor,8.21,10.01,8.93,9.78,8.95,8.44,9.36,9.36,8.42,8.78,9.48,8.55,9.69,20,976,0,19.61,
13.02.17 14:08:54,110.75,9.19,9.41,8.55,9.01,8.59,9.54,9.29,9.06,9.86,9.11,No Sensor,8.15,10.03,8.9,9.71,8.98,8.47,9.34,9.31,8.36,8.78,9.48,8.52,9.69,20,976,0,19.61,
13.02.17 14:09:09,111,9.19,9.44,8.52,9.03,8.59,9.54,9.33,9.03,9.88,9.08,No Sensor,8.21,10.01,8.95,9.76,9,8.47,9.41,9.31,8.42,8.8,9.49,8.51,9.69,20,976,0,19.63,
13.02.17 14:09:24,111.25,9.19,9.41,8.55,9,8.6,9.48,9.28,9.05,9.88,9.08,No Sensor,8.21,10.03,8.91,9.73,8.95,8.47,9.36,9.28,8.41,8.82,9.46,8.47,9.68,20,976,0,19.61,
13.02.17 14:09:39,111.5,9.21,9.41,8.55,8.98,8.64,9.53,9.28,9.03,9.85,9.06,No Sensor,8.15,10.03,8.91,9.71,8.98,8.42,9.36,9.31,8.34,8.8,9.51,8.49,9.68,20,976,0,19.64,
13.02.17 14:09:54,111.75,9.19,9.44,8.55,9.01,8.59,9.51,9.24,9.05,9.9,9.06,No Sensor,8.17,10.03,8.9,9.74,9,8.46,9.38,9.29,8.38,8.78,9.48,8.52,9.71,20,976,0,19.61,
13.02.17 14:10:09,112,9.18,9.39,8.52,9,8.57,9.53,9.31,9,9.85,9.06,No Sensor,8.17,10.07,8.95,9.73,9,8.46,9.39,9.26,8.38,8.77,9.49,8.52,9.71,20,976,0,19.61,
13.02.17 14:10:24,112.25,9.19,9.44,8.55,9.05,8.6,9.54,9.31,9.05,9.86,9.05,No Sensor,8.17,10,8.95,9.74,9,8.44,9.41,9.36,8.41,8.82,9.46,8.54,9.71,20,976,0,19.61,
13.02.17 14:10:39,112.5,9.19,9.39,8.54,9,8.6,9.53,9.31,9.03,9.88,9.06,No Sensor,8.13,10,8.91,9.74,8.98,8.42,9.41,9.24,8.36,8.8,9.49,8.52,9.64,20,976,0,19.64,
13.02.17 14:10:54,112.75,9.18,9.43,8.54,9,8.6,9.53,9.29,9.05,9.85,9.1,No Sensor,8.17,10.03,8.88,9.73,8.93,8.41,9.36,9.31,8.36,8.77,9.51,8.52,9.64,20,976,0,19.64,
13.02.17 14:11:09,113,9.18,9.44,8.51,8.96,8.59,9.51,9.26,9.01,9.83,9.03,No Sensor,8.18,9.96,8.91,9.73,9,8.46,9.36,9.28,8.39,8.77,9.49,8.54,9.63,20,976,0,19.64,
13.02.17 14:11:24,113.25,9.18,9.44,8.55,9,8.57,9.54,9.31,9.03,9.9,9.06,No Sensor,8.12,10.07,8.93,9.74,9,8.46,9.39,9.24,8.38,8.82,9.49,8.54,9.66,20,976,0,19.64,
13.02.17 14:11:40,113.52,9.23,9.41,8.49,8.98,8.6,9.53,9.28,9.03,9.88,9.1,No Sensor,8.2,10.01,8.93,9.73,9,8.46,9.39,9.26,8.38,8.78,9.49,8.52,9.68,20,976,0,19.64,
13.02.17 14:11:55,113.77,9.23,9.44,8.54,9.01,8.6,9.54,9.29,9.05,9.86,9.06,No Sensor,8.15,10.03,8.93,9.71,8.96,8.41,9.41,9.28,8.34,8.78,9.51,8.51,9.71,20,976,0,19.64,
13.02.17 14:12:10,114.02,9.19,9.43,8.54,9.03,8.59,9.51,9.29,9,9.88,9.06,No Sensor,8.12,10,8.91,9.71,9,8.47,9.41,9.23,8.36,8.8,9.48,8.52,9.63,20,976,0,19.64,
13.02.17 14:12:25,114.27,9.21,9.39,8.51,9,8.55,9.51,9.26,9,9.83,9.08,No Sensor,8.15,9.98,8.9,9.74,8.98,8.42,9.39,9.24,8.36,8.8,9.48,8.52,9.64,20,976,0,19.64,
13.02.17 14:12:40,114.52,9.26,9.39,8.52,8.96,8.55,9.51,9.29,9.01,9.88,9.11,No Sensor,8.18,10.01,8.91,9.71,9.01,8.42,9.41,9.29,8.36,8.82,9.51,8.51,9.63,20,976,0,19.65,
13.02.17 14:12:55,114.77,9.19,9.41,8.54,9,8.57,9.53,9.28,9.03,9.81,9.1,No Sensor,8.13,9.96,8.91,9.69,8.98,8.41,9.36,9.31,8.38,8.78,9.46,8.49,9.64,20,976,0,19.65,
13.02.17 14:13:10,115.02,9.19,9.43,8.51,8.98,8.59,9.53,9.28,9.01,9.85,9.08,No Sensor,8.12,10.01,8.91,9.74,8.98,8.44,9.41,9.24,8.33,8.77,9.51,8.51,9.61,20,976,0,19.68,
13.02.17 14:13:25,115.27,9.21,9.38,8.51,8.98,8.57,9.48,9.26,8.98,9.85,9.06,No Sensor,8.12,10.03,8.93,9.71,8.96,8.41,9.36,9.26,8.33,8.82,9.44,8.52,9.64,20,976,0,19.65,
13.02.17 14:13:40,115.52,9.21,9.43,8.49,9.06,8.57,9.53,9.29,9.05,9.86,9.08,No Sensor,8.18,9.98,8.96,9.74,8.96,8.41,9.41,9.28,8.36,8.8,9.51,8.54,9.69,20,976,0,19.65,
13.02.17 14:13:55,115.77,9.18,9.43,8.52,8.95,8.57,9.53,9.28,9.05,9.83,9.11,No Sensor,8.12,10,8.95,9.71,9,8.42,9.38,9.28,8.36,8.78,9.48,8.51,9.63,20,976,0,19.68,
13.02.17 14:14:10,116.02,9.21,9.41,8.49,8.98,8.55,9.53,9.31,9.01,9.88,9.08,No Sensor,8.17,10.01,8.91,9.76,8.96,8.42,9.38,9.28,8.38,8.8,9.51,8.52,9.64,20,976,0,19.68,
13.02.17 14:14:25,116.27,9.21,9.41,8.51,9,8.54,9.49,9.26,9,9.86,9.1,No Sensor,8.13,9.98,8.9,9.74,8.98,8.42,9.39,9.26,8.36,8.8,9.49,8.51,9.61,20,976,0,19.68,
13.02.17 14:14:40,116.52,9.21,9.44,8.51,9.05,8.6,9.51,9.31,9,9.85,9.1,No Sensor,8.15,9.98,8.93,9.78,9,8.42,9.41,9.28,8.42,8.82,9.49,8.49,9.68,20,976,0,19.68,
13.02.17 14:14:55,116.77,9.23,9.41,8.49,9.03,8.59,9.49,9.31,9,9.85,9.06,No Sensor,8.13,9.98,8.91,9.71,9.01,8.42,9.39,9.26,8.36,8.82,9.46,8.52,9.64,20,976,0,19.68,
13.02.17 14:15:10,117.02,9.23,9.43,8.51,9.01,8.6,9.48,9.24,9.05,9.88,9.06,No Sensor,8.15,9.95,8.91,9.69,8.98,8.42,9.38,9.33,8.36,8.83,9.46,8.52,9.64,20,976,0,19.68,
13.02.17 14:15:25,117.27,9.24,9.39,8.52,9.03,8.6,9.54,9.26,9.01,9.83,9.05,No Sensor,8.17,10,8.91,9.71,8.98,8.42,9.38,9.28,8.36,8.8,9.49,8.49,9.66,20,976,0,19.68,
13.02.17 14:15:40,117.52,9.23,9.39,8.52,9.05,8.59,9.48,9.28,8.98,9.85,9.11,No Sensor,8.13,10,8.9,9.69,9.01,8.41,9.39,9.28,8.38,8.8,9.44,8.51,9.64,20,976,0,19.7,
13.02.17 14:15:55,117.77,9.21,9.43,8.49,9.01,8.59,9.51,9.28,9,9.85,9.06,No Sensor,8.15,10.01,8.93,9.73,9,8.41,9.41,9.26,8.39,8.82,9.46,8.52,9.61,20,976,0,19.7,
13.02.17 14:16:10,118.02,9.23,9.44,8.52,9.06,8.57,9.56,9.26,9,9.83,9.1,No Sensor,8.15,9.98,8.91,9.73,9.03,8.39,9.41,9.29,8.36,8.78,9.46,8.51,9.64,20,976,0,19.7,
13.02.17 14:16:25,118.27,9.21,9.39,8.52,9,8.6,9.54,9.26,9.03,9.86,9.1,No Sensor,8.13,9.98,8.93,9.78,9,8.42,9.41,9.28,8.34,8.78,9.53,8.54,9.64,20,976,0,19.7,
13.02.17 14:16:40,118.52,9.23,9.44,8.51,9,8.59,9.48,9.26,8.98,9.86,9.08,No Sensor,8.17,10,8.95,9.74,9,8.41,9.43,9.31,8.38,8.82,9.46,8.49,9.64,20,976,0,19.72,
13.02.17 14:16:55,118.77,9.24,9.41,8.52,9.01,8.57,9.54,9.23,9,9.88,9.11,No Sensor,8.1,10.01,8.91,9.69,8.98,8.41,9.43,9.28,8.38,8.78,9.49,8.54,9.68,20,976,0,19.7,
13.02.17 14:17:10,119.02,9.21,9.38,8.49,9.03,8.59,9.54,9.26,8.96,9.86,9.1,No Sensor,8.1,10,8.91,9.73,9.01,8.41,9.43,9.28,8.39,8.8,9.46,8.52,9.61,20,976,0,19.72,
13.02.17 14:17:25,119.27,9.18,9.36,8.49,9.03,8.57,9.51,9.23,8.96,9.83,9.06,No Sensor,8.12,9.95,8.93,9.73,9.05,8.39,9.43,9.24,8.33,8.8,9.46,8.52,9.64,20,976,0,19.7,