Date/Time,Time/Min.,A1,A2,A3,A4,A5,A6,B1,B2,B3,B4,B5,B6,C1,C2,C3,C4,C5,C6,D1,D2,D3,D4,D5,D6,,Tm [°C],p [mbar],Salinity [g/1000g],T_internal [°C],Error
16.02.17 13:09:03,0.03,8.17,8.07,6.99,7.11,7.75,8.28,10.02,9.58,7.68,8.98,7.29,8.65,7.11,No Sensor,8.94,8.55,8.45,8.1,8.94,8.14,8.34,7.75,7.83,8.25,,20,976,30,20.04,
16.02.17 13:09:18,0.28,8.18,8.04,6.98,7.13,7.78,8.31,9.97,9.57,7.62,8.97,7.32,8.62,7.1,No Sensor,8.98,8.55,8.4,8.13,8.96,8.11,8.32,7.69,7.83,8.24,,20,976,30,20.04,
16.02.17 13:09:29,0.47,8.18,8.03,6.98,7.05,7.75,8.25,9.99,9.58,7.66,8.94,7.43,8.61,7.07,No Sensor,8.94,8.51,8.42,8.08,8.93,8.14,8.34,7.68,7.83,8.25,,20,976,30,20.05,
16.02.17 13:09:44,0.72,8.17,8.08,6.96,7.05,7.75,8.27,10,9.57,7.64,8.98,7.25,8.61,7.09,No Sensor,8.93,8.55,8.41,8.07,8.96,8.13,8.31,7.72,7.82,8.28,,20,976,30,20.07,
16.02.17 13:09:59,0.97,8.17,8.03,6.95,7.09,7.78,8.31,9.97,9.63,7.65,8.98,7.26,8.59,7.03,No Sensor,8.91,8.49,8.38,8.01,8.87,7.99,8.3,7.59,7.72,8.13,,20,976,30,20.07,
16.02.17 13:10:14,1.22,8,8.07,6.84,7.06,7.71,8.15,9.67,9.25,7.37,8.84,7.35,8.47,7.05,No Sensor,8.71,8.38,8.27,8.06,8.68,8.04,8.08,7.64,7.79,8.07,,20,976,30,20.07,
16.02.17 13:10:29,1.47,8.17,8.06,6.95,7.02,7.68,8.21,9.97,9.39,7.48,8.93,7.35,8.55,7.02,No Sensor,8.81,8.51,8.32,7.96,8.78,7.92,8.15,7.55,7.71,8.04,,20,976,30,20.09,
16.02.17 13:10:44,1.72,8.06,8.04,7.14,7,7.82,8.42,10.14,9.3,7.39,8.75,7.24,8.74,7.26,No Sensor,8.88,8.57,8.31,8.1,8.96,8.06,8.06,7.37,7.64,8.21,,20,976,30,20.09,
16.02.17 13:10:59,1.97,8.15,7.97,6.94,7.05,7.83,8.25,9.99,9.3,7.65,8.82,7.25,8.59,6.95,No Sensor,8.78,8.55,8.35,8.01,8.78,7.97,8.21,7.55,7.82,8.07,,20,976,30,20.11,
16.02.17 13:11:14,2.22,8.06,8,6.87,7.03,7.61,8.25,9.78,9.19,7.57,8.85,7.33,8.59,6.98,No Sensor,8.88,8.41,8.35,8.04,8.74,7.96,8.17,7.51,7.66,8.1,,20,976,30,20.11,
16.02.17 13:11:29,2.47,8,7.94,6.84,7.06,7.66,8.25,9.78,9.16,7.53,8.82,7.43,8.57,7.06,No Sensor,8.84,8.42,8.32,8,8.87,7.94,8.13,7.58,7.66,8.04,,20,976,30,20.09,
16.02.17 13:11:44,2.72,8.1,7.87,6.92,6.96,7.62,8.32,9.64,9.14,7.48,8.84,7.37,8.59,6.99,No Sensor,8.96,8.38,8.28,8.01,8.75,7.99,8.1,7.57,7.65,8.08,,20,976,30,20.11,
16.02.17 13:11:59,2.97,8,7.93,6.81,6.87,7.51,8.07,9.66,9.1,7.53,8.85,7.28,8.47,6.88,No Sensor,8.78,8.31,8.28,7.97,8.71,7.92,8.13,7.5,7.69,7.94,,20,976,30,20.09,
16.02.17 13:12:14,3.22,7.93,7.97,6.9,6.91,7.66,8.22,9.75,9.04,7.51,8.93,7.35,8.48,7.03,No Sensor,8.85,8.38,8.34,7.94,8.77,7.92,8.2,7.55,7.64,8.1,,20,976,30,20.11,
16.02.17 13:12:29,3.47,7.94,7.89,6.77,6.98,7.75,8.21,9.69,9.07,7.5,8.9,7.22,8.42,6.96,No Sensor,8.93,8.37,8.34,8,8.75,7.9,8.06,7.55,7.83,8.01,,20,976,30,20.09,
16.02.17 13:12:44,3.72,8,7.86,6.81,6.95,7.68,8.2,9.7,9.07,7.48,8.78,7.21,8.48,6.95,No Sensor,8.94,8.45,8.35,7.96,8.78,7.96,8.18,7.57,7.8,8.07,,20,976,30,20.09,
16.02.17 13:12:59,3.97,8.03,7.82,6.86,6.9,7.61,8.3,9.72,9.19,7.48,8.81,7.32,8.52,6.96,No Sensor,8.87,8.44,8.22,7.92,8.71,7.93,8.17,7.46,7.69,7.99,,20,976,30,20.09,
16.02.17 13:13:14,4.22,8.03,8.04,6.87,6.96,7.75,8.1,9.75,9.29,7.41,8.94,7.39,8.51,6.98,No Sensor,8.88,8.48,8.34,7.96,8.88,7.9,8.1,7.53,7.64,8.08,,20,976,30,20.09,
16.02.17 13:13:29,4.47,8.04,7.9,6.88,6.99,7.68,8.24,9.7,9.16,7.48,8.78,7.25,8.55,6.99,No Sensor,8.9,8.44,8.3,7.99,8.78,7.92,8.08,7.51,7.73,8.07,,20,976,30,20.09,
16.02.17 13:13:44,4.72,8,7.89,6.84,6.95,7.66,8.2,9.67,9.16,7.48,8.82,7.28,8.47,6.92,No Sensor,8.87,8.42,8.34,7.89,8.78,7.9,8.11,7.44,7.76,8.11,,20,976,30,20.07,
16.02.17 13:13:59,4.97,8.01,7.94,6.9,6.91,7.68,8.18,9.69,9.17,7.5,8.85,7.32,8.49,6.99,No Sensor,8.98,8.48,8.31,7.99,8.77,7.92,8.04,7.47,7.78,8.1,,20,976,30,20.07,
16.02.17 13:14:14,5.22,8.08,8.01,6.8,7.11,7.58,8.37,9.66,9.39,7.47,9,7.3,8.64,6.96,No Sensor,8.9,8.54,8.38,7.94,8.85,7.97,8.27,7.46,7.87,8.03,,20,976,30,20.09,
16.02.17 13:14:29,5.47,8.03,8.03,6.96,7.06,7.71,8.17,9.76,9.23,7.59,8.96,7.37,8.58,6.96,No Sensor,8.97,8.51,8.38,8,8.85,7.94,8.13,7.47,7.83,8.17,,20,976,30,20.07,
16.02.17 13:14:44,5.72,8.08,7.92,6.91,7.03,7.73,8.21,9.76,9.2,7.53,8.9,7.29,8.47,6.94,No Sensor,8.9,8.45,8.35,7.94,8.85,7.93,8.14,7.53,7.82,8.07,,20,976,30,20.07,
16.02.17 13:14:59,5.97,8.07,7.9,6.92,7.07,7.69,8.18,9.72,9.14,7.53,8.85,7.26,8.58,6.99,No Sensor,8.94,8.45,8.3,7.92,8.85,7.97,8.15,7.53,7.78,8.04,,20,976,30,20.07,
16.02.17 13:15:14,6.22,8.07,7.9,6.98,7.1,7.78,8.24,9.75,9.22,7.5,8.94,7.32,8.55,7,No Sensor,8.9,8.44,8.27,7.93,8.93,8.01,8.1,7.46,7.9,8.11,,20,976,30,20.07,
16.02.17 13:15:29,6.47,8.11,8.06,6.94,7.13,7.64,8.34,9.72,9.28,7.59,8.87,7.22,8.58,7.05,No Sensor,9.04,8.42,8.37,7.97,8.78,8.04,8.1,7.57,7.82,8.14,,20,976,30,20.07,
16.02.17 13:15:44,6.72,8.15,7.94,7.02,6.99,7.69,8.25,9.76,9.26,7.55,8.93,7.3,8.57,6.96,No Sensor,8.94,8.44,8.35,7.92,8.9,7.97,8.17,7.53,7.85,8.13,,20,976,30,20.07,
16.02.17 13:15:59,6.97,8.08,7.93,6.96,7.03,7.75,8.25,9.81,9.25,7.58,8.9,7.22,8.55,6.95,No Sensor,8.87,8.48,8.34,7.97,8.84,8,8.18,7.4,7.86,8.08,,20,976,30,20.07,
16.02.17 13:16:14,7.22,8.11,7.93,6.98,7,7.71,8.24,9.79,9.25,7.55,8.94,7.25,8.59,6.95,No Sensor,8.91,8.47,8.28,7.94,8.8,7.92,8.13,7.41,7.79,8.04,,20,976,30,20.07,
16.02.17 13:16:29,7.47,8.11,7.92,6.96,7.02,7.76,8.28,9.82,9.23,7.64,8.93,7.3,8.57,6.99,No Sensor,8.91,8.47,8.35,7.93,8.81,8.04,8.14,7.5,7.83,8.14,,20,976,30,20.07,
16.02.17 13:16:44,7.72,8.08,7.89,6.99,7,7.75,8.24,9.81,9.23,7.53,8.94,7.21,8.51,6.94,No Sensor,8.91,8.49,8.34,7.97,8.87,8,8.21,7.51,7.8,8.11,,20,976,30,20.07,
16.02.17 13:16:59,7.97,8.08,7.94,7.02,7.13,7.78,8.31,9.75,9.28,7.61,8.91,7.26,8.55,6.95,No Sensor,8.9,8.48,8.27,7.87,8.87,8.03,8.2,7.54,7.93,8.17,,20,976,30,20.05,
16.02.17 13:17:14,8.22,8.08,7.89,7.02,7.05,7.71,8.24,9.76,9.25,7.54,8.94,7.32,8.49,6.92,No Sensor,8.91,8.48,8.34,7.97,8.87,8.01,8.13,7.46,7.82,8.07,,20,976,30,20.07,
16.02.17 13:17:29,8.47,8.1,7.86,7,7.06,7.72,8.21,9.76,9.23,7.55,8.88,7.28,8.55,6.94,No Sensor,8.91,8.49,8.35,7.87,8.88,8.01,8.17,7.43,7.83,8.13,,20,976,30,20.05,
16.02.17 13:17:44,8.72,8.07,7.83,6.94,6.99,7.69,8.17,9.75,9.23,7.51,8.88,7.21,8.52,6.88,No Sensor,8.88,8.47,8.34,7.89,8.82,7.97,8.14,7.44,7.96,8.1,,20,976,30,20.02,
16.02.17 13:17:59,8.97,8.15,7.83,6.91,7.02,7.82,8.21,9.67,9.19,7.59,8.94,7.21,8.52,6.88,No Sensor,8.97,8.54,8.31,7.96,8.87,8.01,8.15,7.41,7.85,8.13,,20,976,30,20.04,
16.02.17 13:18:15,9.23,8.04,7.86,6.98,7.05,7.72,8.24,9.79,9.23,7.55,8.94,7.2,8.54,6.87,No Sensor,8.88,8.49,8.38,7.92,8.88,8.01,8.17,7.53,7.92,8.17,,20,976,30,20.02,
16.02.17 13:18:30,9.48,8.03,7.78,7,7.07,7.68,8.21,9.78,9.2,7.59,8.91,7.29,8.54,6.88,No Sensor,8.87,8.49,8.32,7.89,8.91,7.99,8.13,7.4,7.86,8.1,,20,976,30,20.02,
16.02.17 13:18:45,9.73,8.1,7.92,7.02,7.06,7.72,8.22,9.78,9.19,7.5,8.85,7.21,8.47,6.86,No Sensor,8.82,8.48,8.35,7.89,8.93,8.06,8.18,7.46,7.89,8.07,,20,976,30,20.02,
16.02.17 13:19:00,9.98,8.1,7.82,7,7.1,7.73,8.22,9.84,9.26,7.55,8.87,7.25,8.52,6.91,No Sensor,8.85,8.49,8.32,7.92,8.93,8,8.15,7.44,7.94,8.1,,20,976,30,20.02,
16.02.17 13:19:15,10.23,8.11,7.86,7.02,7.11,7.75,8.22,9.85,9.23,7.58,8.87,7.21,8.54,6.92,No Sensor,8.94,8.54,8.4,7.86,8.87,7.99,8.15,7.44,7.93,8.14,,20,976,30,20,
16.02.17 13:19:30,10.48,8.07,7.87,7.03,7.1,7.71,8.22,9.85,9.23,7.64,8.93,7.3,8.55,6.95,No Sensor,8.94,8.54,8.37,7.96,8.94,8.03,8.2,7.43,7.97,8.14,,20,976,30,20,
16.02.17 13:19:45,10.73,8.15,7.9,7.07,7.13,7.79,8.27,9.88,9.3,7.62,8.94,7.29,8.61,6.95,No Sensor,8.94,8.54,8.38,7.9,8.93,8.01,8.14,7.46,7.94,8.2,,20,976,30,20,
16.02.17 13:20:00,10.98,8.07,7.82,6.98,7.06,7.71,8.24,9.87,9.25,7.58,8.91,7.25,8.51,6.88,No Sensor,8.88,8.51,8.35,7.87,8.96,8.04,8.24,7.5,7.9,8.08,,20,976,30,20,
16.02.17 13:20:15,11.23,8.15,7.85,7,7.09,7.72,8.21,9.9,9.25,7.59,8.9,7.25,8.55,6.88,No Sensor,8.9,8.51,8.38,7.92,8.98,8.03,8.14,7.4,7.96,8.11,,20,976,30,19.98,
16.02.17 13:20:30,11.48,8.13,7.89,7.05,7.18,7.76,8.22,9.88,9.29,7.58,8.91,7.24,8.54,6.92,No Sensor,8.88,8.48,8.38,7.93,8.93,8.03,8.17,7.44,7.96,8.11,,20,976,30,19.98,
16.02.17 13:20:45,11.73,8.22,7.94,6.99,7.2,7.8,8.18,10.02,9.35,7.55,9.03,7.3,8.49,6.98,No Sensor,8.91,8.64,8.31,7.97,8.98,7.96,8.3,7.39,8,8.27,,20,976,30,19.98,
16.02.17 13:21:00,11.98,8.14,7.83,7.05,7.11,7.71,8.27,9.97,9.3,7.61,8.91,7.26,8.52,6.91,No Sensor,8.88,8.51,8.34,7.9,8.94,8.01,8.25,7.48,8.01,8.18,,20,976,30,19.97,
16.02.17 13:21:15,12.23,8.13,7.87,7.09,7.15,7.75,8.21,9.9,9.25,7.61,9.01,7.26,8.58,6.9,No Sensor,8.91,8.49,8.42,7.89,8.94,8.04,8.13,7.47,8,8.15,,20,976,30,20,
16.02.17 13:21:30,12.48,8.15,7.89,7.13,7.17,7.73,8.21,9.96,9.32,7.57,8.87,7.17,8.55,6.88,No Sensor,8.85,8.52,8.4,7.86,8.97,8.06,8.17,7.39,8.01,8.17,,20,976,30,19.97,
16.02.17 13:21:45,12.73,8.14,7.87,7.06,7.18,7.76,8.24,9.93,9.3,7.55,8.91,7.2,8.51,6.81,No Sensor,8.85,8.48,8.34,7.83,8.93,7.97,8.22,7.41,7.97,8.14,,20,976,30,19.98,
16.02.17 13:22:00,12.98,8.17,7.89,7.05,7.14,7.79,8.24,9.94,9.35,7.58,8.88,7.22,8.52,6.87,No Sensor,8.91,8.48,8.4,7.89,8.98,8.06,8.25,7.46,8.04,8.2,,20,976,30,19.98,
16.02.17 13:22:15,13.23,8.13,7.82,7.09,7.21,7.76,8.24,9.9,9.25,7.61,8.93,7.25,8.57,6.87,No Sensor,8.93,8.49,8.4,7.87,8.96,8.01,8.2,7.4,8,8.14,,20,976,30,19.98,
16.02.17 13:22:30,13.48,8.14,7.8,7.09,7.2,7.72,8.25,9.9,9.28,7.64,8.94,7.24,8.57,6.86,No Sensor,8.96,8.52,8.38,7.89,9.01,8.03,8.2,7.4,8,8.21,,20,976,30,19.95,
16.02.17 13:22:45,13.73,8.15,7.8,7.13,7.18,7.75,8.3,9.9,9.3,7.64,8.87,7.21,8.52,6.88,No Sensor,8.94,8.58,8.41,7.92,8.97,8.06,8.21,7.37,8,8.18,,20,976,30,19.95,
16.02.17 13:23:00,13.98,8.13,7.85,7.09,7.15,7.65,8.25,9.9,9.32,7.68,8.98,7.22,8.55,6.87,No Sensor,8.98,8.54,8.44,7.93,9.06,8.01,8.2,7.35,8.01,8.15,,20,976,30,19.95,
16.02.17 13:23:15,14.23,8.11,7.72,7.07,7.18,7.71,8.2,9.9,9.2,7.64,8.9,7.1,8.54,6.87,No Sensor,8.94,8.55,8.4,7.86,9.01,8.03,8.15,7.37,8,8.13,,20,976,30,19.95,
16.02.17 13:23:30,14.48,8.13,7.82,7.06,7.21,7.75,8.28,9.91,9.33,7.64,8.96,7.25,8.54,6.88,No Sensor,8.87,8.49,8.4,7.8,8.93,8.03,8.13,7.35,7.97,8.1,,20,976,30,19.95,
16.02.17 13:23:45,14.73,8.14,7.73,7.1,7.18,7.76,8.24,9.9,9.25,7.59,8.9,7.21,8.55,6.88,No Sensor,8.91,8.55,8.44,7.87,9.03,8.11,8.17,7.46,8.07,8.18,,20,976,30,19.95,
16.02.17 13:24:00,14.98,8.14,7.8,7.09,7.18,7.72,8.28,9.94,9.23,7.61,8.93,7.13,8.54,6.84,No Sensor,8.88,8.55,8.51,7.89,9,8,8.15,7.4,8.06,8.14,,20,976,30,19.95,
16.02.17 13:24:15,15.23,8.14,7.82,7.11,7.2,7.73,8.24,9.96,9.26,7.64,8.94,7.25,8.55,6.81,No Sensor,8.94,8.51,8.42,7.8,9,7.99,8.14,7.37,8.04,8.15,,20,976,30,19.93,
16.02.17 13:24:30,15.48,8.17,7.79,7.13,7.21,7.75,8.25,9.93,9.26,7.59,8.88,7.22,8.52,6.87,No Sensor,8.96,8.54,8.4,7.86,9.03,8.01,8.15,7.35,8.04,8.15,,20,976,30,19.93,
16.02.17 13:24:45,15.73,8.11,7.8,7.06,7.17,7.76,8.21,9.99,9.26,7.61,8.88,7.26,8.57,6.86,No Sensor,8.91,8.51,8.42,7.86,9.03,8.03,8.18,7.37,8.08,8.15,,20,976,30,19.93,
16.02.17 13:25:00,15.98,8.21,7.79,7.1,7.21,7.83,8.24,9.96,9.29,7.64,8.94,7.32,8.54,6.86,No Sensor,8.91,8.51,8.38,7.83,9,8.01,8.15,7.3,8.08,8.17,,20,976,30,19.91,
16.02.17 13:25:15,16.23,8.24,7.76,7.05,7.2,7.8,8.31,9.99,9.25,7.59,8.88,7.25,8.58,6.9,No Sensor,8.91,8.57,8.48,7.9,9.04,8,8.1,7.29,8.17,8.18,,20,976,30,19.91,
16.02.17 13:25:30,16.48,8.21,7.82,7.2,7.28,7.79,8.24,9.96,9.3,7.61,8.96,7.29,8.57,6.9,No Sensor,8.94,8.54,8.41,7.8,9.04,7.99,8.18,7.37,8.2,8.21,,20,976,30,19.91,
16.02.17 13:25:45,16.73,8.17,7.82,7.09,7.24,7.71,8.27,10,9.35,7.72,8.93,7.14,8.59,6.91,No Sensor,8.93,8.57,8.51,7.96,9.04,8.06,8.14,7.32,8.15,8.17,,20,976,30,19.9,
16.02.17 13:26:00,16.98,8.21,7.85,7.14,7.35,7.78,8.27,10.03,9.29,7.66,8.91,7.11,8.61,6.92,No Sensor,9.01,8.55,8.44,7.89,9.01,8.06,8.21,7.35,8.14,8.17,,20,976,30,19.91,
16.02.17 13:26:15,17.23,8.15,7.8,7.21,7.35,7.8,8.24,9.99,9.32,7.73,8.85,7.07,8.57,6.95,No Sensor,8.93,8.55,8.48,7.89,9.11,8.07,8.13,7.35,8.2,8.21,,20,976,30,19.9,
16.02.17 13:26:30,17.48,8.24,7.85,7.18,7.28,7.78,8.28,10.05,9.39,7.66,8.93,7.29,8.52,6.88,No Sensor,8.93,8.59,8.42,7.87,9.07,8.08,8.17,7.41,8.08,8.15,,20,976,30,19.91,
16.02.17 13:26:45,17.73,8.21,7.66,7.18,7.32,7.65,8.27,10.02,9.29,7.62,8.9,7.07,8.57,6.83,No Sensor,8.91,8.52,8.45,7.82,9.03,8.01,8.15,7.39,8.14,8.11,,20,976,30,19.91,
16.02.17 13:27:00,17.98,8.17,7.9,7.03,7.36,7.66,8.2,10.05,9.16,7.71,8.78,7.18,8.61,6.8,No Sensor,8.82,8.61,8.47,7.8,9.03,8.18,8.08,7.44,8.14,8.17,,20,976,30,19.9,
16.02.17 13:27:15,18.23,8.34,7.89,7.07,7.28,7.86,8.28,10.05,9.39,7.62,8.96,7.41,8.57,6.81,No Sensor,9,8.71,8.49,7.75,9.16,8.18,8.14,7.46,8.28,8.11,,20,976,30,19.9,
16.02.17 13:27:30,18.48,8.32,7.99,7.13,7.21,7.93,8.45,9.9,9.3,7.85,8.93,7.46,8.74,6.77,No Sensor,8.91,8.72,8.49,7.8,9.1,8.25,8.14,7.5,8.27,8.11,,20,976,30,19.9,
16.02.17 13:27:45,18.73,8.21,7.58,7.09,7.36,7.76,8.13,10.03,9.33,7.54,8.97,7.26,8.47,6.88,No Sensor,8.97,8.51,8.3,7.87,8.98,7.97,8.25,7.37,8.11,8.17,,20,976,30,19.89,
16.02.17 13:28:00,18.98,8.17,7.72,7.18,7.2,7.76,8.21,9.94,9.23,7.61,8.88,7.22,8.54,6.79,No Sensor,9.01,8.65,8.59,7.87,9.04,8.03,8.17,7.3,8.13,8.14,,20,976,30,19.89,
16.02.17 13:28:15,19.23,8.18,7.75,7.14,7.24,7.73,8.18,9.93,9.2,7.61,8.9,7.11,8.57,6.87,No Sensor,8.94,8.55,8.47,7.83,9.04,8.06,8.18,7.32,8.18,8.15,,20,976,30,19.88,
16.02.17 13:28:30,19.48,8.17,7.69,7.14,7.28,7.76,8.22,9.99,9.3,7.76,8.93,7.02,8.62,6.99,No Sensor,8.93,8.61,8.52,7.83,9.07,8.04,8.18,7.28,8.17,8.22,,20,976,30,19.89,
16.02.17 13:28:45,19.73,8.2,7.76,7.13,7.28,7.79,8.3,9.97,9.32,7.61,8.96,7.24,8.59,6.84,No Sensor,9,8.61,8.48,7.85,9.06,8.08,8.15,7.39,8.18,8.18,,20,976,30,19.88,
16.02.17 13:29:00,19.98,8.2,7.68,7.1,7.3,7.75,8.2,10,9.26,7.68,8.96,7.15,8.55,6.87,No Sensor,8.88,8.61,8.48,7.8,9.1,8.1,8.15,7.41,8.21,8.14,,20,976,30,19.86,
16.02.17 13:29:15,20.23,8.18,7.76,7.15,7.2,7.72,8.25,10.03,9.23,7.55,8.84,7.09,8.57,6.75,No Sensor,8.97,8.58,8.44,7.75,9.04,8.1,8.21,7.26,8.08,8.14,,20,976,30,19.86,
16.02.17 13:29:30,20.48,8.22,7.8,7.11,7.26,7.73,8.14,9.9,9.17,7.54,8.93,7.17,8.65,6.92,No Sensor,8.91,8.44,8.42,7.82,9.17,8.13,8.17,7.25,8.08,8.1,,20,976,30,19.86,
16.02.17 13:29:45,20.73,8.28,7.89,7.26,7.44,7.72,8.06,9.85,9.04,7.41,8.81,7.26,8.62,6.99,No Sensor,9.01,8.57,8.32,7.55,8.81,8.01,8.24,7.24,8.24,8.27,,20,976,30,19.86,
16.02.17 13:30:00,20.98,8.25,7.69,7.09,7.29,7.86,8.21,9.96,9.28,7.75,8.88,7.17,8.64,6.76,No Sensor,9.03,8.58,8.35,7.79,9.16,7.97,8.08,7.41,8.18,8.03,,20,976,30,19.84,
16.02.17 13:30:15,21.23,8.15,7.65,7.2,7.33,7.75,8.21,10,9.29,7.62,8.9,7,8.59,6.86,No Sensor,8.87,8.57,8.51,7.79,8.97,8.04,8.25,7.35,8.15,8.15,,20,976,30,19.86,
16.02.17 13:30:30,21.48,8.17,7.72,7.13,7.28,7.79,8.24,10.11,9.38,7.72,8.98,7.11,8.61,6.86,No Sensor,8.97,8.58,8.42,7.79,9.04,8.04,8.15,7.36,8.24,8.15,,20,976,30,19.84,
16.02.17 13:30:45,21.73,8.1,7.72,7.28,7.35,7.64,8.13,10.12,9.48,7.62,8.81,6.99,8.7,6.84,No Sensor,8.81,8.61,8.61,7.78,8.93,7.94,8.31,7.43,8.27,8.1,,20,976,30,19.84,
16.02.17 13:31:00,21.98,8.25,7.78,7.14,7.28,7.83,8.3,10.11,9.23,7.61,8.88,7.06,8.62,6.88,No Sensor,8.9,8.54,8.45,7.85,9.11,8.1,8.17,7.26,8.11,8.13,,20,976,30,19.84,
16.02.17 13:31:15,22.23,8.2,7.73,7.15,7.3,7.71,8.21,10.02,9.28,7.59,8.85,7.07,8.59,6.83,No Sensor,8.91,8.55,8.49,7.79,9.06,8.01,8.13,7.29,8.21,8.14,,20,976,30,19.84,
16.02.17 13:31:30,22.48,8.17,7.82,7.24,7.28,7.75,8.31,10.18,9.29,7.64,8.96,7.24,8.59,6.77,No Sensor,9.01,8.59,8.42,7.82,9.16,8.06,8.2,7.39,8.28,8.2,,20,976,30,19.82,
16.02.17 13:31:45,22.73,8.25,7.69,7.24,7.28,7.82,8.22,10.12,9.26,7.68,8.91,7.24,8.62,6.81,No Sensor,8.93,8.62,8.49,7.83,9.11,8.03,8.25,7.25,8.27,8.15,,20,976,30,19.84,
16.02.17 13:32:00,22.98,8.27,7.76,7.17,7.3,7.78,8.31,10.08,9.39,7.69,8.88,7.21,8.61,6.81,No Sensor,8.97,8.61,8.57,7.79,9.03,8.04,8.15,7.39,8.3,8.2,,20,976,30,19.84,
16.02.17 13:32:15,23.23,8.42,7.93,7.37,7.36,7.66,8.17,9.97,9.36,7.79,8.84,7.29,8.8,6.99,No Sensor,9.04,8.58,8.41,7.72,9.09,8.2,8.38,7.41,8.27,8.15,,20,976,30,19.84,
16.02.17 13:32:30,23.48,8.18,7.64,7.21,7.37,7.78,8.17,10,9.36,7.57,8.93,7.3,8.58,6.69,No Sensor,9.01,8.52,8.4,7.82,9.14,7.96,8.17,7.36,8.27,8.08,,20,976,30,19.84,
16.02.17 13:32:45,23.73,8.06,7.68,7.22,7.41,7.62,8.11,9.94,9.25,7.75,8.9,7.14,8.67,6.87,No Sensor,8.82,8.57,8.54,7.75,8.91,8.07,8.21,7.2,8.11,8.24,,20,976,30,19.84,
16.02.17 13:33:00,23.98,8.31,7.62,7.26,7.37,7.68,8.38,10.11,9.41,7.59,9.03,7.24,8.57,6.91,No Sensor,9.01,8.64,8.45,7.94,9.01,8.1,8.3,7.29,8.37,8.11,,20,976,30,19.82,
16.02.17 13:33:15,24.23,8.22,7.69,7.11,7.24,7.78,8.21,10.03,9.2,7.66,8.94,7.18,8.55,6.75,No Sensor,9.03,8.64,8.45,7.73,9.09,8.13,8.14,7.24,8.31,8.21,,20,976,30,19.82,
16.02.17 13:33:30,24.48,8.21,7.73,7.1,7.32,7.78,8.27,10,9.29,7.72,8.96,7.28,8.59,6.83,No Sensor,8.98,8.61,8.48,7.8,9.09,8.08,8.2,7.29,8.31,8.08,,20,976,30,19.82,
16.02.17 13:33:45,24.73,8.21,7.69,7.22,7.35,7.8,8.27,10.08,9.2,7.71,8.96,7.22,8.62,6.83,No Sensor,8.98,8.67,8.57,7.8,9.1,8.03,8.18,7.33,8.31,8.17,,20,976,30,19.8,
16.02.17 13:34:00,24.98,8.28,7.82,7.22,7.22,7.76,8.34,10.18,9.2,7.62,8.98,7.2,8.62,6.69,No Sensor,9.04,8.54,8.54,7.89,9.17,7.94,8.21,7.35,8.27,8,,20,976,30,19.79,
16.02.17 13:34:15,25.23,8.25,7.68,7.26,7.37,7.82,8.22,10.09,9.32,7.68,8.94,7.14,8.62,6.77,No Sensor,8.98,8.65,8.51,7.73,9.1,8.03,8.25,7.28,8.21,8.14,,20,976,30,19.79,
16.02.17 13:34:30,25.48,8.18,7.82,7.18,7.36,7.85,8.25,10.2,9.26,7.71,8.97,7.06,8.67,6.94,No Sensor,9.07,8.59,8.54,7.87,9.07,8.06,8.31,7.35,8.37,8.2,,20,976,30,19.79,
16.02.17 13:34:45,25.73,8.22,7.79,7.21,7.39,7.79,8.3,10.17,9.3,7.79,9,7.35,8.74,6.87,No Sensor,8.96,8.68,8.54,7.73,9.17,8.08,8.22,7.3,8.3,8.21,,20,976,30,19.79,
16.02.17 13:35:00,25.98,8.18,7.75,7.14,7.41,7.66,8.31,10.03,9.38,7.62,8.98,7.13,8.71,6.73,No Sensor,8.91,8.55,8.61,7.75,9.25,7.99,8.22,7.33,8.14,8.3,,20,976,30,19.79,
16.02.17 13:35:15,26.23,8.2,7.75,7.14,7.3,7.89,8.25,10.17,9.35,7.65,8.94,7.14,8.67,6.83,No Sensor,9.04,8.57,8.55,7.82,9.06,8.13,8.14,7.35,8.32,8.18,,20,976,30,19.79,
16.02.17 13:35:30,26.48,8.21,7.75,7.21,7.4,7.78,8.2,10.18,9.19,7.66,8.9,7.02,8.71,6.76,No Sensor,8.94,8.64,8.54,7.73,9.2,8.01,8.17,7.28,8.14,8.15,,20,976,30,19.79,
16.02.17 13:35:45,26.73,8.34,7.71,7.28,7.33,7.9,8.2,10.2,9.2,7.8,8.84,7.18,8.58,6.86,No Sensor,9.07,8.59,8.62,7.78,9.17,8.04,8.21,7.35,8.21,8.25,,20,976,30,19.77,
16.02.17 13:36:00,26.98,8.22,7.71,7.21,7.32,7.75,8.21,10.12,9.28,7.73,8.87,7.17,8.62,6.73,No Sensor,8.91,8.59,8.48,7.75,9.09,7.96,8.17,7.29,8.28,8.13,,20,976,30,19.79,
16.02.17 13:36:15,27.23,8.34,7.75,7.26,7.3,7.72,8.2,10.11,9.3,7.62,8.85,6.94,8.7,6.91,No Sensor,9.04,8.7,8.59,7.85,9.2,8.07,8.24,7.33,8.3,8.14,,20,976,30,19.79,
16.02.17 13:36:30,27.48,8.25,7.79,7.2,7.4,7.83,8.22,10.23,9.35,7.64,9,7.07,8.57,6.81,No Sensor,9,8.65,8.52,7.82,9.11,7.9,8.31,7.21,8.24,8.18,,20,976,30,19.79,
16.02.17 13:36:45,27.73,8.28,7.73,7.22,7.36,7.8,8.25,10.21,9.29,7.79,8.87,7.21,8.72,6.73,No Sensor,8.9,8.62,8.48,7.79,9.19,8.1,8.22,7.29,8.28,8.1,,20,976,30,19.77,
16.02.17 13:37:00,27.98,8.3,7.78,7.29,7.39,7.76,8.3,10.2,9.29,7.69,8.9,7.21,8.68,6.81,No Sensor,8.94,8.65,8.55,7.78,9.14,8.04,8.21,7.26,8.25,8.14,,20,976,30,19.79,
16.02.17 13:37:15,28.23,8.28,7.72,7.32,7.41,7.75,8.32,10.23,9.26,7.69,8.91,7.03,8.67,6.77,No Sensor,8.97,8.54,8.61,7.79,9.1,8.11,8.22,7.22,8.31,8.18,,20,976,30,19.77,
16.02.17 13:37:30,28.48,8.35,7.76,7.33,7.43,7.83,8.34,10.18,9.29,7.76,8.85,7.07,8.7,6.83,No Sensor,9.04,8.61,8.49,7.83,9.23,8.03,8.31,7.33,8.31,8.25,,20,976,30,19.77,
16.02.17 13:37:45,28.73,8.31,7.72,7.28,7.41,7.78,8.25,10.14,9.23,7.68,8.93,7.09,8.77,6.87,No Sensor,9.07,8.67,8.57,7.79,9.16,7.99,8.2,7.25,8.32,8.18,,20,976,30,19.77,
16.02.17 13:38:00,28.98,8.28,7.73,7.26,7.4,7.82,8.31,10.15,9.28,7.71,8.93,7.09,8.68,6.8,No Sensor,8.97,8.65,8.55,7.79,9.2,8.03,8.22,7.29,8.28,8.24,,20,976,30,19.77,
16.02.17 13:38:15,29.23,8.22,7.59,7.2,7.46,7.89,8.27,10.06,9.23,7.76,9.01,7.15,8.59,6.77,No Sensor,9.07,8.8,8.44,7.65,9.11,8.15,8.34,7.2,8.22,8.11,,20,976,30,19.77,
16.02.17 13:38:31,29.5,8.22,7.62,7.25,7.41,7.73,8.22,10.14,9.17,7.82,8.91,7.14,8.74,6.68,No Sensor,9.04,8.58,8.57,7.78,9.17,8.07,8.24,7.35,8.34,8.15,,20,976,30,19.77,
16.02.17 13:38:46,29.75,8.27,7.64,7.24,7.39,7.76,8.3,10.18,9.3,7.73,8.9,7.17,8.71,6.81,No Sensor,9.01,8.61,8.57,7.75,9.22,8.07,8.24,7.26,8.31,8.17,,20,976,30,19.75,
16.02.17 13:39:01,30,8.34,7.58,7.13,7.46,7.75,8.21,10.2,9.25,7.59,8.91,7.15,8.62,6.8,No Sensor,8.97,8.7,8.58,7.8,9.07,8.04,8.28,7.29,8.25,8.2,,20,976,30,19.75,
16.02.17 13:39:16,30.25,8.3,7.61,7.22,7.4,7.82,8.22,10.08,9.25,7.78,8.82,6.95,8.68,6.81,No Sensor,8.97,8.62,8.57,7.73,9.19,7.97,8.27,7.2,8.27,8.17,,20,976,30,19.77,
16.02.17 13:39:31,30.5,8.18,7.62,7.2,7.39,7.82,8.25,10.18,9.26,7.68,8.87,6.96,8.7,6.71,No Sensor,8.93,8.59,8.54,7.75,9.23,8.03,8.31,7.26,8.35,8.17,,20,976,30,19.75,
16.02.17 13:39:46,30.75,8.27,7.51,7.24,7.32,7.65,8.25,10.06,9.2,7.79,8.81,6.88,8.75,6.73,No Sensor,9,8.74,8.48,7.62,9.28,8.03,8.11,7.28,8.4,8.06,,20,976,30,19.75,
16.02.17 13:40:01,31,8.24,7.66,7.25,7.37,7.79,8.25,10.15,9.22,7.71,8.87,6.95,8.7,6.77,No Sensor,8.96,8.7,8.61,7.75,9.17,8.03,8.18,7.26,8.35,8.18,,20,976,30,19.75,
16.02.17 13:40:16,31.25,8.31,7.69,7.32,7.36,7.71,8.21,10.27,9.3,7.62,8.84,7.11,8.74,6.73,No Sensor,8.96,8.65,8.57,7.78,9.19,7.94,8.18,7.29,8.35,8.14,,20,976,30,19.73,
16.02.17 13:40:31,31.5,8.37,7.62,7.32,7.39,7.83,8.22,10.26,9.16,7.79,8.88,7.11,8.8,6.76,No Sensor,8.97,8.7,8.49,7.73,9.22,8.08,8.3,7.2,8.44,8.2,,20,976,30,19.73,
16.02.17 13:40:46,31.75,8.32,7.72,7.39,7.5,7.82,8.25,10.21,9.26,7.86,8.96,7.14,8.75,6.88,No Sensor,9.07,8.68,8.54,7.69,9.22,8.03,8.24,7.33,8.44,8.3,,20,976,30,19.73,
16.02.17 13:41:01,32,8.24,7.57,7.39,7.44,7.72,8.17,10.3,9.28,7.62,8.96,7,8.59,6.77,No Sensor,9.04,8.51,8.48,7.75,9.19,7.87,8.21,7.3,8.27,8.08,,20,976,30,19.75,
16.02.17 13:41:16,32.25,8.31,7.66,7.29,7.41,7.76,8.3,10.23,9.29,7.78,8.87,7.14,8.74,6.79,No Sensor,8.88,8.71,8.49,7.76,9.14,8.07,8.17,7.2,8.34,8.17,,20,976,30,19.75,
16.02.17 13:41:31,32.5,8.32,7.66,7.32,7.46,7.82,8.28,10.27,9.3,7.82,8.93,6.99,8.74,6.83,No Sensor,9,8.67,8.57,7.79,9.26,8.04,8.31,7.24,8.37,8.21,,20,976,30,19.73,
16.02.17 13:41:46,32.75,8.3,7.73,7.29,7.51,7.72,8.32,10.23,9.26,7.66,8.88,6.96,8.71,6.72,No Sensor,9.09,8.61,8.65,7.69,9.28,7.99,8.32,7.17,8.38,8.11,,20,976,30,19.73,
16.02.17 13:42:01,33,8.31,7.72,7.35,7.43,7.75,8.24,10.24,9.26,7.75,8.9,7.17,8.72,6.83,No Sensor,9.06,8.71,8.57,7.75,9.2,8.03,8.24,7.18,8.32,8.2,,20,976,30,19.73,
16.02.17 13:42:16,33.25,8.44,7.79,7.39,7.54,7.94,8.38,10.36,9.28,7.78,8.85,7.15,8.67,6.69,No Sensor,8.9,8.61,8.45,7.69,9.3,8.1,8.32,7.3,8.4,8.28,,20,976,30,19.73,
16.02.17 13:42:31,33.5,8.4,7.8,7.36,7.4,7.76,8.24,10.3,9.42,7.72,8.84,7.18,8.91,6.9,No Sensor,8.94,8.64,8.64,7.86,9.36,8.08,8.15,7.21,8.55,8.25,,20,976,30,19.73,
16.02.17 13:42:46,33.75,8.32,7.65,7.35,7.41,7.87,8.25,10.29,9.32,7.8,8.9,7.02,8.75,6.8,No Sensor,9.04,8.67,8.59,7.76,9.28,8,8.31,7.24,8.42,8.15,,20,976,30,19.73,
16.02.17 13:43:01,34,8.37,7.68,7.35,7.4,7.82,8.22,10.15,9.3,7.79,8.94,7.02,8.81,6.75,No Sensor,8.97,8.65,8.55,7.78,9.29,8.08,8.32,7.21,8.34,8.14,,20,976,30,19.72,
16.02.17 13:43:16,34.25,8.32,7.66,7.33,7.44,7.76,8.31,10.23,9.29,7.76,8.96,7,8.77,6.75,No Sensor,9.03,8.68,8.57,7.76,9.3,8.03,8.27,7.21,8.37,8.22,,20,976,30,19.72,
16.02.17 13:43:31,34.5,8.4,7.66,7.32,7.47,7.83,8.32,10.26,9.3,7.72,8.9,7.03,8.77,6.72,No Sensor,9,8.65,8.55,7.76,9.23,8.03,8.22,7.22,8.38,8.15,,20,976,30,19.72,
16.02.17 13:43:46,34.75,8.34,7.58,7.32,7.48,7.82,8.32,10.27,9.28,7.72,8.88,7.2,8.72,6.75,No Sensor,9.04,8.65,8.57,7.78,9.29,8,8.31,7.26,8.32,8.17,,20,976,30,19.72,
16.02.17 13:44:01,35,8.18,7.59,7.33,7.33,7.83,8.31,10.09,9.29,7.69,8.8,7.2,8.64,6.77,No Sensor,8.9,8.75,8.47,7.71,9.3,7.92,8.31,7.14,8.3,8.18,,20,976,30,19.72,
16.02.17 13:44:16,35.25,8.31,7.64,7.32,7.47,7.76,8.3,10.24,9.25,7.76,8.91,7.13,8.8,6.72,No Sensor,9.06,8.74,8.58,7.71,9.33,8,8.25,7.22,8.42,8.2,,20,976,30,19.72,
16.02.17 13:44:31,35.5,8.32,7.55,7.37,7.4,7.8,8.3,10.27,9.25,7.76,8.88,7.03,8.8,6.71,No Sensor,9.09,8.71,8.61,7.73,9.36,8.07,8.31,7.24,8.41,8.24,,20,976,30,19.72,
16.02.17 13:44:46,35.75,8.34,7.72,7.2,7.5,7.66,8.42,10.26,9.23,7.86,8.77,7.09,8.88,6.64,No Sensor,9.07,8.71,8.64,7.57,9.19,8.15,8.04,7.21,8.61,8.1,,20,976,30,19.7,
16.02.17 13:45:01,36,8.27,7.61,7.3,7.4,7.86,8.21,10.44,9.25,7.73,8.91,7.03,8.75,6.68,No Sensor,9.04,8.65,8.65,7.59,9.3,8.06,8.21,7.29,8.35,8.24,,20,976,30,19.7,
16.02.17 13:45:16,36.25,8.32,7.58,7.32,7.48,7.76,8.31,10.3,9.26,7.8,8.88,7.09,8.8,6.73,No Sensor,9.06,8.7,8.61,7.69,9.25,8.03,8.22,7.14,8.41,8.2,,20,976,30,19.72,
16.02.17 13:45:31,36.5,8.17,7.69,7.39,7.25,7.73,8.4,10.32,9.07,7.76,9.03,6.86,8.67,6.79,No Sensor,8.84,8.67,8.71,7.61,9.1,8,8.4,7.13,8.25,8.18,,20,976,30,19.7,
16.02.17 13:45:46,36.75,8.32,7.53,7.36,7.51,7.89,8.38,10.44,9.32,7.82,8.85,6.98,8.72,6.65,No Sensor,9.11,8.85,8.72,7.76,9.39,7.97,8.22,7.14,8.42,8.21,,20,976,30,19.7,
16.02.17 13:46:01,37,8.35,7.68,7.4,7.5,7.93,8.28,10.47,9.29,7.85,8.98,6.91,8.87,6.75,No Sensor,9.06,8.7,8.61,7.62,9.36,7.94,8.28,7.24,8.35,8.24,,20,976,30,19.7,
16.02.17 13:46:16,37.25,8.32,7.64,7.43,7.5,7.78,8.25,10.29,9.26,7.87,8.97,7.13,8.78,6.72,No Sensor,9.01,8.77,8.64,7.76,9.38,8.01,8.2,7.14,8.35,8.15,,20,976,30,19.7,
16.02.17 13:46:31,37.5,8.35,7.65,7.4,7.44,7.8,8.4,10.38,9.17,7.78,8.98,6.99,8.74,6.8,No Sensor,9.07,8.72,8.68,7.83,9.23,8.04,8.32,7.18,8.44,8.28,,20,976,30,19.7,
16.02.17 13:46:46,37.75,8.38,7.62,7.35,7.44,7.72,8.24,10.33,9.28,7.75,8.85,7.05,8.78,6.69,No Sensor,8.98,8.67,8.58,7.71,9.29,8.06,8.28,7.22,8.45,8.21,,20,976,30,19.7,
16.02.17 13:47:01,38,8.35,7.65,7.37,7.51,7.82,8.41,10.45,9.38,7.87,9,7.15,8.9,6.86,No Sensor,9.07,8.74,8.57,7.61,9.26,7.96,8.28,7.25,8.55,8.3,,20,976,30,19.7,
16.02.17 13:47:16,38.25,8.37,7.71,7.5,7.53,7.78,8.45,10.42,9.25,7.9,9,7.09,8.85,6.79,No Sensor,9.04,8.82,8.71,7.72,9.33,8.15,8.31,7.18,8.57,8.24,,20,976,30,19.72,
16.02.17 13:47:31,38.5,8.47,7.66,7.39,7.39,7.79,8.35,10.44,9.22,7.76,8.82,7.03,8.91,6.76,No Sensor,8.96,8.82,8.67,7.68,9.25,7.99,8.37,7.25,8.47,8.07,,20,976,30,19.7,
16.02.17 13:47:46,38.75,8.48,7.66,7.39,7.48,7.75,8.34,10.41,9.3,7.82,8.84,7.17,8.91,6.76,No Sensor,9.11,8.75,8.62,7.73,9.28,8.03,8.35,7.26,8.41,8.2,,20,976,30,19.7,
16.02.17 13:48:01,39,8.45,7.61,7.4,7.53,7.86,8.41,10.38,9.29,7.78,8.88,7.07,8.84,6.79,No Sensor,9.13,8.84,8.58,7.76,9.36,8.08,8.31,7.22,8.52,8.28,,20,976,30,19.7,
16.02.17 13:48:16,39.25,8.34,7.68,7.47,7.46,7.87,8.42,10.3,9.32,7.85,8.84,7.02,8.93,6.68,No Sensor,9.11,8.78,8.62,7.78,9.29,8,8.45,7.18,8.37,8.31,,20,976,30,19.7,
16.02.17 13:48:31,39.5,8.22,7.69,7.2,7.58,7.64,8.42,10.17,9.41,7.68,8.98,6.94,8.78,6.69,No Sensor,9.04,8.71,8.61,7.62,9.25,8.03,8.21,7.15,8.32,8.25,,20,976,30,19.68,
16.02.17 13:48:47,39.77,8.32,7.54,7.33,7.44,7.71,8.28,10.26,9.16,7.8,8.88,7.06,8.84,6.75,No Sensor,9.11,8.82,8.71,7.78,9.53,8.2,8.35,7.18,8.49,8.27,,20,976,30,19.68,
16.02.17 13:49:02,40.02,8.42,7.51,7.29,7.54,7.83,8.21,10.35,9.35,7.82,8.8,7.07,8.94,6.68,No Sensor,9.04,8.81,8.71,7.66,9.22,8.03,8.31,7.22,8.47,8.17,,20,976,30,19.68,
16.02.17 13:49:17,40.27,8.37,7.55,7.37,7.54,7.75,8.27,10.38,9.32,7.82,8.84,7.13,8.88,6.71,No Sensor,9.07,8.74,8.59,7.66,9.38,8,8.2,7.22,8.48,8.21,,20,976,30,19.68,
16.02.17 13:49:32,40.52,8.34,7.57,7.4,7.57,7.86,8.32,10.44,9.26,7.85,8.9,7.02,8.87,6.72,No Sensor,9.17,8.82,8.7,7.66,9.35,8.03,8.31,7.17,8.51,8.2,,20,976,30,19.68,
16.02.17 13:49:47,40.77,8.35,7.46,7.39,7.57,7.78,8.27,10.35,9.25,7.82,8.81,6.94,8.85,6.76,No Sensor,8.96,8.8,8.75,7.69,9.29,7.92,8.25,7.26,8.48,8.08,,20,976,30,19.68,
16.02.17 13:50:02,41.02,8.47,7.57,7.35,7.48,7.9,8.31,10.36,9.33,7.89,8.85,7.13,8.93,6.71,No Sensor,9.11,8.84,8.65,7.59,9.44,8.07,8.22,7.14,8.61,8.22,,20,976,30,19.68,
16.02.17 13:50:17,41.27,8.42,7.62,7.41,7.5,7.8,8.47,10.44,9.19,7.89,8.93,7.02,8.97,6.77,No Sensor,9.11,8.85,8.61,7.69,9.45,8.03,8.24,7.21,8.51,8.15,,20,976,30,19.68,
16.02.17 13:50:32,41.52,8.24,7.68,7.3,7.59,7.71,8.42,10.32,9.38,7.75,9,6.94,9.01,6.63,No Sensor,9,8.88,8.52,7.73,9.28,8.03,8.22,7.13,8.47,8.11,,20,976,30,19.66,
16.02.17 13:50:47,41.77,8.54,7.72,7.48,7.5,7.72,8.24,10.32,9.25,7.92,9.03,7.06,9,6.72,No Sensor,8.98,8.7,8.58,7.68,9.41,8.11,8.44,7.25,8.59,8.22,,20,976,30,19.65,
16.02.17 13:51:02,42.02,8.35,7.61,7.37,7.48,7.9,8.28,10.45,9.22,7.87,8.91,6.92,8.94,6.63,No Sensor,9.04,8.78,8.62,7.53,9.39,7.96,8.27,7.2,8.42,8.27,,20,976,30,19.66,
16.02.17 13:51:17,42.27,8.45,7.53,7.35,7.47,7.87,8.44,10.39,9.16,7.85,8.96,6.92,8.81,6.69,No Sensor,9.14,8.71,8.61,7.72,9.45,7.92,8.28,7.21,8.57,8.1,,20,976,30,19.66,
16.02.17 13:51:32,42.52,8.42,7.58,7.32,7.41,7.71,8.31,10.41,9.16,7.83,8.91,7.14,8.96,6.77,No Sensor,9.23,8.93,8.8,7.86,9.57,8.14,8.47,7.2,8.48,8.17,,20,976,30,19.66,
16.02.17 13:51:47,42.77,8.42,7.57,7.5,7.61,7.86,8.34,10.47,9.33,7.94,8.94,6.98,8.88,6.72,No Sensor,9.06,8.77,8.7,7.73,9.42,7.97,8.28,7.22,8.52,8.24,,20,976,30,19.66,
16.02.17 13:52:02,43.02,8.57,7.55,7.53,7.57,7.92,8.35,10.59,9.26,7.9,8.97,7.14,8.96,6.75,No Sensor,9.09,8.93,8.64,7.72,9.48,8.13,8.42,7.17,8.59,8.18,,20,976,30,19.65,
16.02.17 13:52:17,43.27,8.42,7.59,7.36,7.61,7.72,8.4,10.52,9.29,7.89,8.85,7.13,8.91,6.71,No Sensor,9.1,8.84,8.62,7.69,9.45,8.07,8.31,7.22,8.48,8.24,,20,976,30,19.66,
16.02.17 13:52:32,43.52,8.62,7.73,7.54,7.69,7.87,8.49,10.45,9.44,7.85,9.06,6.99,9.07,6.79,No Sensor,9.22,8.84,8.77,7.71,9.58,8,8.42,7.15,8.68,8.24,,20,976,30,19.68,
16.02.17 13:52:47,43.77,8.55,7.65,7.43,7.55,7.86,8.37,10.44,9.29,7.89,8.94,7.15,8.87,6.79,No Sensor,9.16,8.82,8.74,7.64,9.42,8.08,8.3,7.18,8.64,8.3,,20,976,30,19.66,
16.02.17 13:53:02,44.02,8.48,7.66,7.48,7.66,7.97,8.37,10.48,9.35,7.79,8.98,7.18,8.88,6.73,No Sensor,9.13,8.96,8.65,7.78,9.44,8.2,8.3,7.28,8.49,8.15,,20,976,30,19.65,
16.02.17 13:53:17,44.27,8.52,7.62,7.51,7.55,7.76,8.35,10.52,9.3,7.89,9,7.1,8.93,6.65,No Sensor,9.07,8.78,8.68,7.79,9.48,8.04,8.28,7.1,8.54,8.27,,20,976,30,19.65,
16.02.17 13:53:32,44.52,8.44,7.55,7.47,7.57,7.83,8.4,10.44,9.26,7.87,8.85,7.07,8.93,6.63,No Sensor,9.16,8.85,8.68,7.66,9.41,8.03,8.3,7.18,8.57,8.28,,20,976,30,19.64,
16.02.17 13:53:47,44.77,8.48,7.72,7.55,7.71,7.8,8.31,10.39,9.26,8.01,9.07,7.22,9.03,6.65,No Sensor,9.1,8.78,8.58,7.73,9.63,8.18,8.37,7.13,8.55,8.34,,20,976,30,19.65,
16.02.17 13:54:02,45.02,8.48,7.62,7.48,7.53,7.87,8.45,10.45,9.2,7.94,8.94,6.96,8.88,6.75,No Sensor,9.1,8.8,8.74,7.59,9.48,8.08,8.4,7.07,8.51,8.3,,20,976,30,19.64,
16.02.17 13:54:17,45.27,8.37,7.64,7.32,7.65,7.75,8.48,10.39,9.23,7.96,8.91,6.96,8.85,6.73,No Sensor,9.16,8.85,8.48,7.71,9.41,8,8.42,7.05,8.57,8.27,,20,976,30,19.64,
16.02.17 13:54:32,45.52,8.47,7.58,7.37,7.69,7.76,8.44,10.53,9.2,7.93,8.94,6.94,9.09,6.68,No Sensor,9.2,8.8,8.77,7.57,9.53,8.1,8.31,7.3,8.54,8.34,,20,976,30,19.65,
16.02.17 13:54:47,45.77,8.48,7.54,7.43,7.62,7.8,8.34,10.48,9.22,7.87,8.88,6.92,8.91,6.64,No Sensor,9.14,8.84,8.71,7.59,9.45,8.01,8.31,7.17,8.52,8.27,,20,976,30,19.63,
16.02.17 13:55:02,46.02,8.55,7.61,7.46,7.61,7.82,8.44,10.56,9.25,7.89,8.96,7.15,8.96,6.64,No Sensor,9.25,8.96,8.71,7.61,9.45,8.06,8.4,7.18,8.55,8.21,,20,976,30,19.64,
16.02.17 13:55:17,46.27,8.51,7.51,7.36,7.61,7.89,8.25,10.36,9.36,7.9,8.77,7,9.03,6.64,No Sensor,9.06,8.81,8.55,7.57,9.47,7.97,8.18,7.07,8.67,8.28,,20,976,30,19.65,
16.02.17 13:55:32,46.52,8.48,7.58,7.44,7.54,7.85,8.42,10.55,9.3,7.87,8.9,7,9.03,6.76,No Sensor,9.11,8.81,8.74,7.68,9.42,8.06,8.32,7.05,8.51,8.31,,20,976,30,19.64,
16.02.17 13:55:47,46.77,8.55,7.51,7.3,7.47,7.82,8.45,10.61,9.25,7.76,8.88,7.14,9.04,6.69,No Sensor,9,8.78,8.54,7.69,9.55,8.08,8.25,6.98,8.44,8.28,,20,976,30,19.64,
16.02.17 13:56:02,47.02,8.58,7.57,7.54,7.53,7.94,8.31,10.67,9.2,7.99,8.84,7.1,8.97,6.65,No Sensor,9.1,8.96,8.59,7.73,9.42,8.03,8.34,7.06,8.59,8.1,,20,976,30,19.64,
16.02.17 13:56:17,47.27,8.49,7.55,7.48,7.65,7.89,8.41,10.55,9.29,7.89,8.94,7.1,8.93,6.68,No Sensor,9.23,8.94,8.74,7.66,9.45,8.03,8.45,7.18,8.57,8.3,,20,976,30,19.64,
16.02.17 13:56:32,47.52,8.65,7.62,7.43,7.68,7.9,8.41,10.68,9.22,7.96,9.03,6.87,9.06,6.77,No Sensor,9.17,8.96,8.62,7.75,9.55,7.97,8.38,7.25,8.51,8.27,,20,976,30,19.64,
16.02.17 13:56:47,47.77,8.55,7.61,7.57,7.64,7.92,8.4,10.48,9.2,7.85,8.96,7.11,9.04,6.76,No Sensor,9.1,8.85,8.72,7.75,9.57,8.08,8.34,7.14,8.49,8.2,,20,976,30,19.64,
16.02.17 13:57:02,48.02,8.58,7.65,7.5,7.58,7.87,8.45,10.62,9.3,7.96,8.9,7,9.06,6.75,No Sensor,9.17,8.82,8.68,7.69,9.55,8.07,8.32,7.06,8.64,8.35,,20,976,30,19.64,
16.02.17 13:57:17,48.27,8.59,7.64,7.51,7.64,7.89,8.44,10.61,9.26,7.94,8.96,7.07,9.01,6.72,No Sensor,9.19,8.85,8.7,7.68,9.53,8.07,8.41,7.15,8.59,8.34,,20,976,30,19.63,
16.02.17 13:57:33,48.53,8.64,7.61,7.57,7.66,7.87,8.45,10.58,9.33,7.93,8.93,6.98,8.98,6.68,No Sensor,9.19,8.82,8.67,7.62,9.44,8.01,8.41,7.18,8.64,8.35,,20,976,30,19.64,
16.02.17 13:57:48,48.78,8.58,7.55,7.55,7.53,7.92,8.37,10.65,9.23,7.96,8.88,7.18,8.94,6.77,No Sensor,9.09,8.94,8.62,7.73,9.47,8.03,8.34,7.11,8.62,8.22,,20,976,30,19.64,
16.02.17 13:58:03,49.03,8.55,7.64,7.51,7.73,7.83,8.55,10.56,9.35,7.9,9.01,6.87,9.09,6.69,No Sensor,9.13,8.96,8.64,7.79,9.44,8.13,8.37,7.29,8.58,8.4,,20,976,30,19.64,
16.02.17 13:58:18,49.28,8.57,7.54,7.57,7.58,7.93,8.52,10.56,9.3,7.94,8.97,7.06,9.07,6.68,No Sensor,9.13,8.98,8.7,7.66,9.51,8.07,8.35,7.2,8.55,8.35,,20,976,30,19.65,
16.02.17 13:58:33,49.53,8.57,7.54,7.46,7.61,7.89,8.49,10.56,9.23,7.92,8.96,7.03,9.04,6.64,No Sensor,9.2,8.88,8.68,7.61,9.53,8.04,8.41,7.15,8.65,8.28,,20,976,30,19.64,
16.02.17 13:58:48,49.78,8.52,7.53,7.46,7.62,7.89,8.47,10.56,9.2,7.92,8.98,6.95,9.03,6.67,No Sensor,9.16,8.88,8.74,7.64,9.5,8.01,8.38,7.13,8.62,8.32,,20,976,30,19.64,
16.02.17 13:59:03,50.03,8.54,7.5,7.47,7.55,7.86,8.54,10.53,9.23,7.96,8.96,6.92,9.07,6.69,No Sensor,9.2,8.97,8.71,7.57,9.6,8.06,8.38,7.14,8.62,8.34,,20,976,30,19.64,
16.02.17 13:59:18,50.28,8.58,7.5,7.55,7.65,7.89,8.45,10.55,9.29,7.93,8.88,6.91,9.06,6.68,No Sensor,9.23,8.94,8.65,7.62,9.63,8.03,8.45,7.14,8.58,8.3,,20,976,30,19.63,
16.02.17 13:59:33,50.53,8.61,7.51,7.51,7.65,7.89,8.48,10.55,9.29,7.97,8.94,6.9,9.1,6.67,No Sensor,9.22,8.9,8.72,7.64,9.54,8.03,8.37,7.1,8.67,8.31,,20,976,30,19.61,
16.02.17 13:59:48,50.78,8.55,7.51,7.48,7.72,7.9,8.42,10.59,9.25,7.96,9.01,6.95,9.01,6.71,No Sensor,9.25,8.94,8.78,7.64,9.6,8.07,8.35,7.06,8.68,8.31,,20,976,30,19.61,
16.02.17 14:00:03,51.03,8.58,7.43,7.54,7.55,7.96,8.41,10.65,9.19,8.01,8.87,7.09,9,6.72,No Sensor,9.28,8.85,8.74,7.57,9.57,7.97,8.38,7.05,8.67,8.24,,20,976,30,19.61,
16.02.17 14:00:18,51.28,8.59,7.54,7.5,7.69,7.87,8.47,10.62,9.29,7.97,8.96,7.13,9.07,6.67,No Sensor,9.23,8.94,8.72,7.65,9.58,8.06,8.41,7.11,8.67,8.34,,20,976,30,19.61,
16.02.17 14:00:33,51.53,8.48,7.57,7.41,7.69,7.79,8.45,10.58,9.3,7.92,8.94,7.09,9.07,6.69,No Sensor,9.23,8.87,8.75,7.55,9.61,7.93,8.37,7.03,8.72,8.22,,20,976,30,19.61,
16.02.17 14:00:48,51.78,8.61,7.55,7.57,7.69,7.89,8.47,10.65,9.29,7.97,8.93,6.84,9.07,6.69,No Sensor,9.22,8.96,8.72,7.64,9.58,8.06,8.37,7.13,8.65,8.35,,20,976,30,19.61,
16.02.17 14:01:03,52.03,8.62,7.54,7.58,7.72,7.93,8.48,10.73,9.33,8.03,8.97,6.91,9.07,6.73,No Sensor,9.25,8.97,8.74,7.68,9.57,8.07,8.38,7.18,8.65,8.38,,20,976,30,19.59,
16.02.17 14:01:18,52.28,8.61,7.53,7.54,7.69,7.79,8.44,10.65,9.29,7.97,8.94,6.91,9.1,6.68,No Sensor,9.25,8.97,8.74,7.65,9.58,7.97,8.44,7.07,8.68,8.3,,20,976,30,19.61,
16.02.17 14:01:33,52.53,8.62,7.5,7.55,7.66,7.85,8.49,10.7,9.26,7.99,8.93,6.83,9.07,6.69,No Sensor,9.23,8.97,8.77,7.64,9.61,8.01,8.4,7.17,8.72,8.44,,20,976,30,19.61,
16.02.17 14:01:48,52.78,8.58,7.51,7.54,7.72,7.93,8.52,10.71,9.36,8.06,9,6.92,9.13,6.68,No Sensor,9.23,8.96,8.75,7.66,9.63,8.01,8.37,7.1,8.64,8.4,,20,976,30,19.61,
16.02.17 14:02:03,53.03,8.54,7.55,7.61,7.54,7.94,8.49,10.58,9.33,7.96,8.85,6.96,9.09,6.49,No Sensor,9.19,8.84,8.84,7.61,9.47,8.08,8.4,7,8.68,8.3,,20,976,30,19.61,
16.02.17 14:02:18,53.28,8.64,7.69,7.68,7.61,7.79,8.41,10.74,9.44,8.14,9.01,7.07,9.01,6.63,No Sensor,9.17,8.9,8.77,7.65,9.79,8.18,8.55,7.22,8.71,8.4,,20,976,30,19.61,
16.02.17 14:02:33,53.53,8.74,7.61,7.68,7.76,7.99,8.57,10.79,9.36,8.08,9.06,7,9.19,6.75,No Sensor,9.28,9,8.82,7.71,9.72,8.11,8.51,7.17,8.59,8.34,,20,976,30,19.61,
16.02.17 14:02:48,53.78,8.74,7.5,7.57,7.69,7.92,8.52,10.7,9.25,7.99,8.97,6.96,9.17,6.72,No Sensor,9.23,8.94,8.82,7.66,9.53,8.04,8.45,7.09,8.62,8.44,,20,976,30,19.61,
16.02.17 14:03:03,54.03,8.68,7.61,7.65,7.8,7.89,8.52,10.71,9.32,8.04,8.97,7.03,9.22,6.72,No Sensor,9.35,8.97,8.87,7.64,9.7,8,8.51,7.13,8.72,8.38,,20,976,30,19.61,
16.02.17 14:03:18,54.28,8.65,7.51,7.61,7.75,7.97,8.55,10.74,9.35,7.97,8.94,7.02,9.16,6.69,No Sensor,9.35,9.01,8.82,7.66,9.64,8.06,8.37,7.07,8.67,8.4,,20,976,30,19.61,
16.02.17 14:03:33,54.53,8.64,7.47,7.68,7.69,7.86,8.48,10.74,9.26,7.94,9.03,7.02,9.14,6.61,No Sensor,9.33,8.94,8.75,7.59,9.7,7.96,8.42,7.2,8.68,8.32,,20,976,30,19.59,
16.02.17 14:03:48,54.78,8.62,7.51,7.57,7.69,7.87,8.54,10.62,9.28,7.96,8.93,7.02,9.09,6.64,No Sensor,9.25,8.98,8.71,7.64,9.6,8.01,8.45,7.03,8.71,8.35,,20,976,30,19.61,
16.02.17 14:04:03,55.03,8.61,7.5,7.57,7.61,7.97,8.52,10.67,9.33,7.96,8.91,7.05,9.13,6.64,No Sensor,9.33,8.96,8.75,7.65,9.58,8.11,8.47,7.13,8.74,8.3,,20,976,30,19.61,
16.02.17 14:04:18,55.28,8.58,7.47,7.64,7.85,7.89,8.45,10.7,9.45,8.04,8.91,7.05,9.26,6.81,No Sensor,9.25,8.96,8.84,7.73,9.84,8.07,8.41,7.07,8.72,8.51,,20,976,30,19.61,
16.02.17 14:04:33,55.53,8.62,7.46,7.55,7.65,7.86,8.48,10.61,9.3,8.01,8.94,6.91,9.1,6.71,No Sensor,9.2,8.96,8.71,7.62,9.57,8.08,8.4,7.15,8.7,8.34,,20,976,30,19.61,
16.02.17 14:04:48,55.78,8.61,7.46,7.57,7.73,7.96,8.51,10.71,9.32,8.01,8.97,7,9.13,6.67,No Sensor,9.29,9.01,8.8,7.62,9.66,8.07,8.41,7.1,8.75,8.38,,20,976,30,19.59,
16.02.17 14:05:03,56.03,8.61,7.46,7.54,7.72,7.87,8.51,10.73,9.33,8.06,8.94,6.96,9.13,6.68,No Sensor,9.38,9.03,8.8,7.59,9.61,8.04,8.44,7.1,8.74,8.37,,20,976,30,19.59,
16.02.17 14:05:18,56.28,8.57,7.48,7.51,7.61,7.97,8.41,10.74,9.25,7.99,8.97,6.81,9.22,6.57,No Sensor,9.26,8.96,8.82,7.53,9.72,8,8.52,7.02,8.72,8.35,,20,976,30,19.59,
16.02.17 14:05:33,56.53,8.65,7.48,7.61,7.72,7.89,8.57,10.74,9.28,8.01,8.96,7.05,9.17,6.67,No Sensor,9.29,8.93,8.74,7.57,9.64,8.07,8.35,7.03,8.75,8.38,,20,976,30,19.59,
16.02.17 14:05:48,56.78,8.7,7.43,7.57,7.82,7.87,8.51,10.68,9.26,8.04,8.88,6.96,9.19,6.64,No Sensor,9.19,9.06,8.8,7.55,9.64,7.97,8.47,7.07,8.64,8.41,,20,976,30,19.59,
16.02.17 14:06:04,57.05,8.71,7.57,7.66,7.83,8.04,8.64,10.85,9.41,8.11,8.96,6.84,9.14,6.65,No Sensor,9.41,9.16,9,7.73,9.66,7.94,8.41,7.03,8.85,8.38,,20,976,30,19.59,
16.02.17 14:06:19,57.3,8.75,7.46,7.62,7.72,7.86,8.58,10.79,9.23,8.1,8.97,6.79,9.23,6.65,No Sensor,9.32,8.94,8.88,7.62,9.58,8.01,8.51,7.02,8.67,8.45,,20,976,30,19.59,
16.02.17 14:06:34,57.55,8.62,7.43,7.59,7.82,8.04,8.64,10.88,9.22,7.92,8.88,7.02,9.29,6.71,No Sensor,9.22,8.87,8.72,7.53,9.6,8.06,8.52,7.21,8.91,8.51,,20,976,30,19.59,
16.02.17 14:06:49,57.8,8.71,7.47,7.64,7.79,8,8.62,10.9,9.39,8.11,9,6.9,9.22,6.69,No Sensor,9.32,8.93,8.67,7.54,9.58,7.99,8.42,7.09,8.77,8.48,,20,976,30,19.59,
16.02.17 14:07:04,58.05,8.68,7.61,7.54,7.85,7.83,8.54,10.78,9.25,8.06,8.9,6.98,9.13,6.67,No Sensor,9.36,8.96,8.91,7.58,9.78,7.94,8.55,6.96,8.81,8.28,,20,976,30,19.59,
16.02.17 14:07:19,58.3,8.72,7.51,7.66,7.73,7.96,8.52,10.84,9.38,8.06,8.96,7.15,9.22,6.77,No Sensor,9.44,9.07,8.9,7.68,9.79,8.06,8.58,7.17,8.88,8.51,,20,976,30,19.61,
16.02.17 14:07:34,58.55,8.64,7.51,7.73,7.71,7.92,8.58,10.73,9.26,8.08,8.97,6.77,9.25,6.61,No Sensor,9.35,8.94,8.81,7.66,9.63,8.07,8.42,7.1,8.77,8.41,,20,976,30,19.61,
16.02.17 14:07:49,58.8,8.78,7.55,7.71,7.73,7.97,8.58,10.91,9.33,8.11,9.04,7.09,9.25,6.65,No Sensor,9.38,9.06,8.85,7.66,9.72,8.1,8.51,7.1,8.82,8.44,,20,976,30,19.59,
16.02.17 14:08:04,59.05,8.77,7.59,7.71,7.73,7.94,8.64,10.9,9.42,8.04,8.97,6.88,9.22,6.64,No Sensor,9.36,9.03,8.81,7.64,9.76,8.01,8.41,7.14,8.77,8.37,,20,976,30,19.61,
16.02.17 14:08:19,59.3,8.75,7.54,7.61,7.76,7.93,8.61,10.85,9.29,8.06,9.01,7.05,9.29,6.71,No Sensor,9.3,9.09,8.82,7.62,9.67,8.06,8.52,7.1,8.78,8.49,,20,976,30,19.59,
16.02.17 14:08:34,59.55,8.7,7.44,7.62,7.72,7.97,8.49,10.82,9.22,8.1,8.88,6.8,9.14,6.64,No Sensor,9.26,9.03,8.74,7.65,9.67,8.06,8.44,7.09,8.75,8.44,,20,976,30,19.59,
16.02.17 14:08:49,59.8,8.75,7.51,7.62,7.75,7.93,8.59,10.81,9.26,8.11,8.94,7.05,9.25,6.67,No Sensor,9.36,9.04,8.78,7.55,9.79,8.04,8.48,7.11,8.78,8.42,,20,976,30,19.59,
16.02.17 14:09:04,60.05,8.65,7.55,7.58,7.65,7.93,8.45,10.9,9.28,8.17,8.94,6.95,9.16,6.63,No Sensor,9.41,8.97,8.84,7.57,9.7,8.04,8.44,7.05,8.72,8.52,,20,976,30,19.59,
16.02.17 14:09:19,60.3,8.65,7.58,7.57,7.78,7.89,8.47,10.76,9.23,8.13,8.9,7,9.19,6.67,No Sensor,9.35,9,8.8,7.55,9.66,8.01,8.41,7.07,8.71,8.45,,20,976,30,19.59,
16.02.17 14:09:34,60.55,8.77,7.47,7.65,7.79,7.94,8.57,10.93,9.39,8.13,9.03,7.03,9.28,6.67,No Sensor,9.45,9.13,8.9,7.69,9.91,8.17,8.64,7.21,8.94,8.59,,20,976,30,19.59,
16.02.17 14:09:49,60.8,8.72,7.48,7.66,7.73,7.94,8.55,10.84,9.32,8.15,9.03,7.07,9.28,6.69,No Sensor,9.5,9.13,8.87,7.69,9.88,8.15,8.64,7.24,8.9,8.61,,20,976,30,19.59,
16.02.17 14:10:04,61.05,8.68,7.5,7.61,7.73,7.92,8.55,10.84,9.32,8.15,9,6.99,9.25,6.68,No Sensor,9.44,9.1,8.9,7.69,9.85,8.14,8.59,7.22,8.82,8.59,,20,976,30,19.59,
16.02.17 14:10:19,61.3,8.68,7.5,7.55,7.68,7.94,8.54,10.76,9.3,8.11,8.97,6.9,9.22,6.69,No Sensor,9.41,9.1,8.84,7.71,9.84,8.08,8.57,7.2,8.81,8.58,,20,976,30,19.59,
16.02.17 14:10:34,61.55,8.67,7.46,7.53,7.65,7.9,8.52,10.76,9.23,8.08,8.97,6.96,9.25,6.69,No Sensor,9.39,9.09,8.8,7.69,9.81,8.13,8.55,7.2,8.72,8.55,,20,976,30,19.57,
16.02.17 14:10:49,61.8,8.64,7.5,7.51,7.57,7.87,8.51,10.67,9.2,8.08,8.93,7.02,9.23,6.71,No Sensor,9.39,9.09,8.85,7.69,9.76,8.07,8.52,7.22,8.7,8.54,,20,976,30,19.57,
16.02.17 14:11:04,62.05,8.62,7.48,7.48,7.57,7.89,8.49,10.68,9.16,8.06,8.96,7.06,9.19,6.72,No Sensor,9.32,9.04,8.78,7.69,9.76,8.03,8.49,7.18,8.64,8.55,,20,976,30,19.57,
16.02.17 14:11:19,62.3,8.61,7.51,7.47,7.5,7.86,8.49,10.67,9.13,8.06,8.91,6.87,9.22,6.68,No Sensor,9.33,9.03,8.8,7.65,9.72,8.06,8.52,7.24,8.64,8.52,,20,976,30,19.57,
16.02.17 14:11:34,62.55,8.64,7.51,7.48,7.54,7.87,8.52,10.68,9.14,8.04,8.93,6.92,9.2,6.69,No Sensor,9.3,9.03,8.77,7.75,9.69,8.03,8.49,7.21,8.64,8.54,,20,976,30,19.57,
16.02.17 14:11:49,62.8,8.62,7.51,7.47,7.51,7.86,8.45,10.64,9.16,8.04,8.93,7,9.22,6.71,No Sensor,9.3,9.04,8.78,7.68,9.72,8.03,8.49,7.21,8.62,8.52,,20,976,30,19.57,
16.02.17 14:12:04,63.05,8.67,7.51,7.46,7.51,7.89,8.54,10.65,9.14,8.03,8.93,6.9,9.22,6.68,No Sensor,9.29,9.04,8.8,7.69,9.7,8.04,8.48,7.21,8.59,8.52,,20,976,30,19.57,
16.02.17 14:12:19,63.3,8.65,7.51,7.46,7.51,7.87,8.49,10.67,9.16,8.01,8.94,7.09,9.19,6.71,No Sensor,9.32,9.07,8.77,7.68,9.7,8.04,8.49,7.21,8.62,8.49,,20,976,30,19.55,
16.02.17 14:12:34,63.55,8.67,7.51,7.47,7.53,7.87,8.49,10.68,9.22,8.06,8.91,6.92,9.19,6.72,No Sensor,9.3,9.03,8.77,7.71,9.67,8.04,8.51,7.18,8.58,8.54,,20,976,30,19.57,
16.02.17 14:12:49,63.8,8.67,7.54,7.47,7.5,7.87,8.54,10.67,9.22,8.08,8.94,7.07,9.22,6.71,No Sensor,9.29,9.06,8.75,7.72,9.67,8.01,8.51,7.22,8.61,8.52,,20,976,30,19.57,
16.02.17 14:13:04,64.05,8.68,7.53,7.48,7.48,7.89,8.47,10.67,9.17,8.08,8.9,6.91,9.22,6.71,No Sensor,9.32,9.07,8.84,7.71,9.72,8.03,8.51,7.18,8.61,8.55,,20,976,30,19.57,
16.02.17 14:13:19,64.3,8.68,7.55,7.5,7.47,7.86,8.48,10.67,9.25,8.07,8.93,7.06,9.2,6.68,No Sensor,9.32,9.01,8.84,7.71,9.69,8.01,8.48,7.21,8.58,8.48,,20,976,30,19.57,
16.02.17 14:13:34,64.55,8.72,7.54,7.47,7.46,7.92,8.48,10.71,9.23,8.06,8.93,7.05,9.19,6.69,No Sensor,9.29,9.03,8.8,7.72,9.7,8.03,8.49,7.22,8.58,8.51,,20,976,30,19.59,
16.02.17 14:13:49,64.8,8.7,7.53,7.51,7.47,7.89,8.52,10.74,9.22,8.07,8.93,6.95,9.19,6.69,No Sensor,9.3,9.01,8.81,7.72,9.73,8.03,8.45,7.22,8.57,8.52,,20,976,30,19.59,
16.02.17 14:14:04,65.05,8.74,7.55,7.51,7.46,7.87,8.54,10.74,9.23,8.06,8.93,6.86,9.22,6.71,No Sensor,9.25,9.03,8.81,7.72,9.75,8.03,8.49,7.22,8.61,8.54,,20,976,30,19.57,
16.02.17 14:14:19,65.3,8.71,7.55,7.47,7.48,7.85,8.48,10.73,9.26,8.08,8.93,7.07,9.2,6.69,No Sensor,9.3,9.04,8.84,7.75,9.76,8.03,8.51,7.21,8.57,8.52,,20,976,30,19.59,
16.02.17 14:14:35,65.57,8.71,7.54,7.51,7.48,7.87,8.54,10.71,9.2,8.06,8.93,7.07,9.19,6.71,No Sensor,9.3,9.06,8.81,7.72,9.75,8.04,8.48,7.24,8.59,8.57,,20,976,30,19.59,
16.02.17 14:14:50,65.82,8.68,7.54,7.47,7.5,7.89,8.54,10.71,9.26,8.04,8.94,6.96,9.22,6.71,No Sensor,9.28,9.03,8.81,7.71,9.73,8.04,8.54,7.18,8.61,8.54,,20,976,30,19.59,
16.02.17 14:15:05,66.07,8.67,7.5,7.47,7.46,7.87,8.52,10.68,9.23,8.07,8.91,7.03,9.2,6.67,No Sensor,9.28,9.01,8.77,7.68,9.72,8.01,8.49,7.2,8.58,8.55,,20,976,30,19.59,
16.02.17 14:15:20,66.32,8.68,7.53,7.47,7.41,7.87,8.52,10.65,9.23,8.06,8.91,6.99,9.16,6.67,No Sensor,9.28,9.04,8.74,7.69,9.73,8,8.49,7.2,8.58,8.52,,20,976,30,19.59,
16.02.17 14:15:35,66.57,8.65,7.5,7.48,7.46,7.85,8.48,10.68,9.2,8.03,8.93,7.02,9.17,6.69,No Sensor,9.29,9.03,8.78,7.69,9.67,8,8.47,7.15,8.58,8.51,,20,976,30,19.57,
16.02.17 14:15:50,66.82,8.65,7.47,7.46,7.4,7.87,8.49,10.65,9.2,8.03,8.93,6.86,9.16,6.67,No Sensor,9.29,9,8.81,7.68,9.75,7.99,8.49,7.2,8.59,8.49,,20,976,30,19.57,
16.02.17 14:16:05,67.07,8.64,7.43,7.39,7.44,7.87,8.48,10.65,9.2,8.01,8.9,6.84,9.17,6.65,No Sensor,9.28,9,8.8,7.69,9.73,8,8.47,7.2,8.57,8.52,,20,976,30,19.59,
16.02.17 14:16:20,67.32,8.64,7.46,7.43,7.43,7.87,8.47,10.65,9.22,8.06,8.9,6.91,9.16,6.64,No Sensor,9.26,9,8.77,7.68,9.67,8.03,8.45,7.22,8.55,8.54,,20,976,30,19.57,
16.02.17 14:16:35,67.57,8.64,7.46,7.4,7.36,7.85,8.48,10.62,9.19,8.03,8.9,6.83,9.11,6.65,No Sensor,9.25,9,8.75,7.68,9.73,7.97,8.44,7.17,8.58,8.51,,20,976,30,19.57,
16.02.17 14:16:50,67.82,8.64,7.47,7.4,7.4,7.85,8.49,10.65,9.2,8.06,8.9,6.95,9.16,6.68,No Sensor,9.29,9.01,8.78,7.62,9.75,7.97,8.45,7.18,8.57,8.51,,20,976,30,19.57,
16.02.17 14:17:05,68.07,8.61,7.46,7.4,7.35,7.83,8.45,10.65,9.13,8,8.87,6.98,9.13,6.63,No Sensor,9.28,8.97,8.75,7.65,9.72,7.94,8.44,7.17,8.55,8.48,,20,976,30,19.57,
16.02.17 14:17:20,68.32,8.64,7.46,7.39,7.39,7.86,8.48,10.68,9.2,8.03,8.9,6.91,9.14,6.67,No Sensor,9.25,9.01,8.81,7.68,9.73,7.97,8.42,7.21,8.57,8.48,,20,976,30,19.57,
16.02.17 14:17:35,68.57,8.62,7.44,7.39,7.36,7.86,8.45,10.64,9.17,7.99,8.85,6.84,9.13,6.64,No Sensor,9.26,8.98,8.77,7.64,9.7,7.92,8.44,7.17,8.54,8.51,,20,976,30,19.55,
16.02.17 14:17:50,68.82,8.67,7.48,7.41,7.33,7.82,8.48,10.65,9.2,7.99,8.88,6.84,9.13,6.65,No Sensor,9.28,8.97,8.75,7.65,9.66,7.94,8.4,7.18,8.52,8.48,,20,976,30,19.54,
16.02.17 14:18:05,69.07,8.61,7.46,7.44,7.36,7.82,8.47,10.67,9.2,8.04,8.88,6.87,9.11,6.68,No Sensor,9.25,9.01,8.77,7.68,9.7,7.94,8.44,7.18,8.54,8.51,,20,976,30,19.55,
16.02.17 14:18:20,69.32,8.64,7.47,7.4,7.36,7.8,8.51,10.64,9.19,8,8.87,6.87,9.16,6.63,No Sensor,9.23,8.98,8.75,7.65,9.73,7.94,8.37,7.17,8.55,8.44,,20,976,30,19.55,
16.02.17 14:18:35,69.57,8.64,7.44,7.4,7.33,7.79,8.48,10.68,9.19,8,8.87,7.03,9.14,6.67,No Sensor,9.25,8.97,8.72,7.71,9.67,7.94,8.38,7.17,8.52,8.48,,20,976,30,19.55,
16.02.17 14:18:50,69.82,8.67,7.47,7.39,7.3,7.83,8.45,10.71,9.19,8.01,8.87,6.91,9.14,6.65,No Sensor,9.26,9.01,8.81,7.68,9.72,7.97,8.42,7.21,8.54,8.48,,20,976,30,19.54,
16.02.17 14:19:05,70.07,8.65,7.47,7.39,7.36,7.8,8.48,10.68,9.23,8.01,8.87,6.86,9.11,6.67,No Sensor,9.2,8.97,8.74,7.66,9.67,7.94,8.42,7.13,8.52,8.47,,20,976,30,19.55,
16.02.17 14:19:20,70.32,8.68,7.47,7.39,7.32,7.8,8.44,10.68,9.23,8.03,8.88,6.87,9.13,6.64,No Sensor,9.23,9,8.75,7.68,9.72,7.96,8.41,7.2,8.48,8.48,,20,976,30,19.57,
16.02.17 14:19:35,70.57,8.68,7.46,7.4,7.33,7.85,8.48,10.7,9.2,8.01,8.88,6.84,9.11,6.67,No Sensor,9.25,9.01,8.72,7.69,9.75,7.96,8.41,7.15,8.52,8.49,,20,976,30,19.54,
16.02.17 14:19:50,70.82,8.67,7.51,7.43,7.32,7.85,8.48,10.73,9.2,8.01,8.85,6.88,9.09,6.65,No Sensor,9.23,8.98,8.75,7.68,9.72,7.93,8.41,7.17,8.48,8.49,,20,976,30,19.54,
16.02.17 14:20:05,71.07,8.68,7.5,7.4,7.33,7.83,8.49,10.71,9.25,8.04,8.9,7.06,9.14,6.68,No Sensor,9.26,9.01,8.74,7.69,9.73,7.93,8.38,7.18,8.48,8.52,,20,976,30,19.57,
16.02.17 14:20:20,71.32,8.67,7.48,7.39,7.29,7.83,8.48,10.7,9.26,8.03,8.88,6.9,9.1,6.68,No Sensor,9.29,8.94,8.72,7.66,9.72,7.94,8.41,7.18,8.48,8.51,,20,976,30,19.55,
16.02.17 14:20:35,71.57,8.68,7.48,7.43,7.33,7.83,8.47,10.73,9.2,8.03,8.88,6.98,9.1,6.67,No Sensor,9.22,8.98,8.75,7.71,9.7,7.94,8.45,7.18,8.48,8.49,,20,976,30,19.54,
16.02.17 14:20:50,71.82,8.67,7.47,7.4,7.35,7.8,8.51,10.71,9.25,8.03,8.87,6.96,9.11,6.67,No Sensor,9.25,8.98,8.71,7.66,9.73,7.96,8.41,7.18,8.49,8.54,,20,976,30,19.55,
16.02.17 14:21:05,72.07,8.68,7.51,7.41,7.3,7.8,8.48,10.71,9.26,8.01,8.88,6.92,9.11,6.68,No Sensor,9.23,9,8.7,7.69,9.76,7.97,8.42,7.17,8.48,8.51,,20,976,30,19.55,
16.02.17 14:21:20,72.32,8.68,7.51,7.4,7.28,7.86,8.47,10.71,9.26,8.03,8.87,6.95,9.09,6.68,No Sensor,9.23,8.97,8.72,7.71,9.75,7.93,8.4,7.18,8.47,8.49,,20,976,30,19.54,
16.02.17 14:21:35,72.57,8.7,7.51,7.4,7.3,7.86,8.49,10.7,9.26,8.04,8.91,6.86,9.13,6.68,No Sensor,9.23,8.98,8.74,7.69,9.73,7.93,8.42,7.18,8.47,8.51,,20,976,30,19.55,
16.02.17 14:21:50,72.82,8.65,7.54,7.37,7.25,7.82,8.48,10.7,9.26,8.01,8.85,6.88,9.07,6.68,No Sensor,9.22,8.98,8.72,7.71,9.66,7.93,8.41,7.2,8.47,8.52,,20,976,30,19.57,
16.02.17 14:22:05,73.07,8.7,7.53,7.39,7.25,7.83,8.48,10.7,9.25,8.01,8.9,6.87,9.11,6.68,No Sensor,9.2,8.97,8.68,7.66,9.72,7.96,8.41,7.17,8.44,8.52,,20,976,30,19.57,
16.02.17 14:22:20,73.32,8.7,7.54,7.4,7.26,7.85,8.52,10.7,9.25,8.03,8.84,6.88,9.07,6.71,No Sensor,9.22,8.97,8.71,7.71,9.7,7.97,8.4,7.17,8.47,8.55,,20,976,30,19.55,
16.02.17 14:22:35,73.57,8.71,7.47,7.4,7.26,7.87,8.49,10.71,9.28,8.03,8.88,6.87,9.11,6.67,No Sensor,9.25,8.97,8.72,7.71,9.73,7.96,8.44,7.2,8.48,8.54,,20,976,30,19.57,
16.02.17 14:22:50,73.82,8.72,7.53,7.41,7.29,7.85,8.48,10.68,9.26,8.06,8.91,6.86,9.13,6.67,No Sensor,9.26,8.98,8.72,7.69,9.69,7.96,8.44,7.21,8.42,8.52,,20,976,30,19.57,
16.02.17 14:23:05,74.07,8.7,7.53,7.37,7.24,7.82,8.48,10.71,9.25,8,8.84,7.03,9.07,6.68,No Sensor,9.2,8.96,8.71,7.72,9.69,7.94,8.42,7.17,8.47,8.51,,20,976,30,19.57,
16.02.17 14:23:20,74.32,8.7,7.53,7.4,7.24,7.85,8.49,10.7,9.29,8.01,8.85,6.9,9.1,6.69,No Sensor,9.25,9,8.7,7.71,9.72,7.96,8.42,7.2,8.48,8.49,,20,976,30,19.57,
16.02.17 14:23:35,74.57,8.68,7.51,7.37,7.25,7.83,8.54,10.68,9.29,8.01,8.87,6.95,9.09,6.67,No Sensor,9.25,8.96,8.72,7.71,9.69,7.92,8.42,7.18,8.45,8.54,,20,976,30,19.57,
16.02.17 14:23:50,74.82,8.72,7.51,7.37,7.28,7.83,8.54,10.73,9.23,8.03,8.87,7.02,9.09,6.68,No Sensor,9.23,9,8.74,7.68,9.7,7.92,8.4,7.21,8.44,8.51,,20,976,30,19.59,
16.02.17 14:24:05,75.07,8.71,7.53,7.39,7.22,7.86,8.49,10.7,9.26,8.01,8.82,7.03,9.09,6.69,No Sensor,9.19,8.97,8.77,7.68,9.75,7.94,8.42,7.15,8.42,8.52,,20,976,30,19.59,
16.02.17 14:24:20,75.32,8.71,7.5,7.39,7.21,7.83,8.52,10.71,9.26,8.01,8.85,6.84,9.07,6.68,No Sensor,9.25,8.97,8.72,7.71,9.69,7.94,8.4,7.18,8.41,8.52,,20,976,30,19.59,
16.02.17 14:24:35,75.57,8.68,7.51,7.33,7.22,7.82,8.51,10.7,9.26,7.99,8.85,6.86,9.04,6.65,No Sensor,9.23,8.98,8.71,7.66,9.72,7.94,8.42,7.17,8.4,8.54,,20,976,30,19.59,
16.02.17 14:24:50,75.82,8.72,7.55,7.37,7.21,7.83,8.54,10.68,9.3,8.03,8.84,6.83,9.09,6.68,No Sensor,9.23,8.98,8.72,7.71,9.67,7.93,8.4,7.18,8.47,8.54,,20,976,30,19.61,
16.02.17 14:25:05,76.07,8.7,7.51,7.37,7.21,7.85,8.54,10.67,9.25,8,8.9,6.87,9.07,6.68,No Sensor,9.26,8.96,8.71,7.66,9.72,7.96,8.41,7.17,8.42,8.52,,20,976,30,19.59,
16.02.17 14:25:20,76.32,8.71,7.53,7.35,7.21,7.82,8.52,10.7,9.28,8.01,8.85,6.94,9.1,6.69,No Sensor,9.22,8.98,8.7,7.71,9.72,7.96,8.41,7.21,8.38,8.57,,20,976,30,19.61,
16.02.17 14:25:35,76.57,8.72,7.57,7.36,7.17,7.86,8.52,10.67,9.33,8.01,8.85,6.86,9.07,6.67,No Sensor,9.22,8.98,8.7,7.69,9.67,7.96,8.44,7.18,8.41,8.57,,20,976,30,19.61,
16.02.17 14:25:50,76.82,8.7,7.53,7.37,7.2,7.87,8.51,10.65,9.26,8.04,8.87,7.05,9.07,6.68,No Sensor,9.25,9.01,8.71,7.68,9.7,7.93,8.41,7.2,8.41,8.57,,20,976,30,19.61,
16.02.17 14:26:05,77.07,8.72,7.57,7.35,7.17,7.83,8.52,10.67,9.29,8.03,8.85,6.86,9.06,6.69,No Sensor,9.23,8.94,8.7,7.69,9.69,7.94,8.4,7.2,8.42,8.52,,20,976,30,19.61,
16.02.17 14:26:20,77.32,8.7,7.55,7.35,7.18,7.83,8.52,10.65,9.28,7.99,8.85,6.98,9.04,6.69,No Sensor,9.2,8.94,8.68,7.69,9.72,7.94,8.41,7.17,8.4,8.52,,20,976,30,19.61,
16.02.17 14:26:35,77.57,8.71,7.54,7.3,7.18,7.8,8.54,10.65,9.29,8,8.85,6.86,9.01,6.68,No Sensor,9.2,8.96,8.7,7.68,9.73,7.94,8.44,7.2,8.37,8.54,,20,976,30,19.64,
16.02.17 14:26:50,77.82,8.7,7.54,7.33,7.17,7.85,8.48,10.65,9.26,8,8.82,6.86,9.06,6.68,No Sensor,9.19,9,8.7,7.72,9.7,7.94,8.41,7.18,8.4,8.54,,20,976,30,19.64,
16.02.17 14:27:06,78.08,8.71,7.57,7.36,7.18,7.86,8.51,10.65,9.29,8,8.87,7.05,9.09,6.71,No Sensor,9.23,8.96,8.67,7.68,9.72,7.99,8.41,7.18,8.41,8.57,,20,976,30,19.64,
16.02.17 14:27:21,78.33,8.68,7.51,7.32,7.14,7.83,8.51,10.67,9.3,8.01,8.88,7.03,9.06,6.69,No Sensor,9.19,8.97,8.67,7.72,9.7,7.96,8.42,7.2,8.37,8.52,,20,976,30,19.64,
16.02.17 14:27:36,78.58,8.71,7.55,7.33,7.15,7.85,8.51,10.67,9.29,7.99,8.82,7.05,9.07,6.71,No Sensor,9.17,8.98,8.67,7.71,9.7,7.97,8.42,7.15,8.44,8.58,,20,976,30,19.64,
16.02.17 14:27:51,78.83,8.67,7.51,7.35,7.13,7.83,8.49,10.67,9.29,8,8.87,7.06,9.04,6.69,No Sensor,9.2,8.98,8.7,7.69,9.7,7.93,8.42,7.2,8.41,8.54,,20,976,30,19.64,
16.02.17 14:28:06,79.08,8.72,7.54,7.32,7.14,7.85,8.49,10.65,9.28,8,8.88,6.94,9.06,6.69,No Sensor,9.19,8.98,8.65,7.71,9.69,7.97,8.42,7.17,8.4,8.52,,20,976,30,19.65,
16.02.17 14:28:21,79.33,8.74,7.55,7.35,7.14,7.86,8.52,10.64,9.32,8.03,8.84,6.83,9.06,6.68,No Sensor,9.19,8.98,8.68,7.72,9.7,7.96,8.41,7.18,8.42,8.57,,20,976,30,19.65,
16.02.17 14:28:36,79.58,8.72,7.55,7.32,7.13,7.87,8.51,10.64,9.32,8.03,8.87,7,9.03,6.68,No Sensor,9.17,8.98,8.68,7.75,9.67,7.96,8.4,7.2,8.38,8.54,,20,976,30,19.65,
16.02.17 14:28:51,79.83,8.72,7.54,7.28,7.11,7.83,8.51,10.64,9.28,8,8.87,6.9,9.04,6.71,No Sensor,9.2,8.98,8.68,7.72,9.67,7.97,8.38,7.21,8.4,8.54,,20,976,30,19.66,
16.02.17 14:29:06,80.08,8.72,7.5,7.3,7.13,7.85,8.51,10.62,9.28,8.01,8.85,6.94,9.01,6.71,No Sensor,9.17,8.96,8.67,7.72,9.61,7.96,8.4,7.18,8.4,8.52,,20,976,30,19.66,
16.02.17 14:29:21,80.33,8.67,7.51,7.28,7.1,7.78,8.45,10.59,9.26,8,8.84,6.94,9.01,6.68,No Sensor,9.2,8.93,8.67,7.72,9.66,7.93,8.38,7.21,8.41,8.54,,20,976,30,19.65,
16.02.17 14:29:36,80.58,8.65,7.47,7.3,7.05,7.79,8.48,10.56,9.28,7.97,8.84,7,9,6.71,No Sensor,9.2,8.98,8.65,7.69,9.67,7.93,8.42,7.2,8.4,8.54,,20,976,30,19.66,
16.02.17 14:29:51,80.83,8.61,7.46,7.26,7.03,7.82,8.47,10.53,9.23,8,8.84,6.86,9,6.65,No Sensor,9.16,8.97,8.67,7.68,9.66,7.96,8.4,7.14,8.37,8.51,,20,976,30,19.66,
16.02.17 14:30:06,81.08,8.62,7.47,7.24,7.06,7.82,8.47,10.52,9.23,7.97,8.87,6.88,9,6.64,No Sensor,9.17,8.94,8.64,7.68,9.63,7.94,8.38,7.18,8.37,8.55,,20,976,30,19.65,
16.02.17 14:30:21,81.33,8.64,7.44,7.22,7.03,7.82,8.47,10.53,9.2,7.99,8.84,6.94,9.01,6.67,No Sensor,9.2,8.94,8.65,7.68,9.64,7.93,8.4,7.18,8.34,8.51,,20,976,30,19.65,
16.02.17 14:30:36,81.58,8.58,7.44,7.17,7.05,7.8,8.47,10.53,9.22,7.97,8.88,7.02,8.98,6.69,No Sensor,9.2,8.94,8.68,7.65,9.66,7.96,8.35,7.21,8.34,8.49,,20,976,30,19.64,
16.02.17 14:30:51,81.83,8.59,7.44,7.17,7.06,7.85,8.45,10.52,9.25,7.97,8.84,7.02,8.98,6.67,No Sensor,9.2,8.93,8.65,7.71,9.6,7.94,8.35,7.18,8.35,8.52,,20,976,30,19.65,
16.02.17 14:31:06,82.08,8.59,7.43,7.2,6.99,7.78,8.45,10.48,9.22,7.94,8.82,6.98,8.96,6.64,No Sensor,9.2,8.94,8.62,7.66,9.6,7.89,8.35,7.15,8.34,8.51,,20,976,30,19.65,
16.02.17 14:31:21,82.33,8.58,7.41,7.2,7.02,7.76,8.45,10.5,9.2,7.94,8.84,6.86,8.96,6.64,No Sensor,9.14,8.93,8.65,7.68,9.61,7.86,8.34,7.13,8.34,8.49,,20,976,30,19.65,
16.02.17 14:31:36,82.58,8.58,7.44,7.14,7.02,7.76,8.42,10.48,9.19,7.94,8.82,7.02,8.94,6.63,No Sensor,9.14,8.93,8.64,7.69,9.58,7.9,8.35,7.15,8.35,8.52,,20,976,30,19.65,
16.02.17 14:31:51,82.83,8.58,7.39,7.18,6.99,7.75,8.4,10.5,9.2,7.97,8.81,6.83,8.91,6.65,No Sensor,9.16,8.94,8.62,7.66,9.6,7.92,8.32,7.13,8.32,8.49,,20,976,30,19.64,
16.02.17 14:32:06,83.08,8.61,7.46,7.15,6.99,7.79,8.41,10.5,9.23,7.94,8.84,6.83,8.94,6.68,No Sensor,9.16,8.94,8.62,7.69,9.61,7.92,8.32,7.14,8.34,8.51,,20,976,30,19.64,
16.02.17 14:32:21,83.33,8.61,7.48,7.15,6.99,7.79,8.44,10.5,9.25,7.96,8.81,6.83,8.96,6.67,No Sensor,9.16,8.91,8.64,7.66,9.58,7.92,8.34,7.13,8.37,8.48,,20,976,30,19.64,
16.02.17 14:32:36,83.58,8.59,7.47,7.14,7.02,7.78,8.44,10.5,9.23,7.99,8.82,6.98,8.94,6.64,No Sensor,9.14,8.93,8.65,7.66,9.61,7.93,8.37,7.15,8.32,8.49,,20,976,30,19.64,
16.02.17 14:32:51,83.83,8.57,7.44,7.11,6.99,7.76,8.44,10.47,9.22,7.93,8.8,6.9,8.9,6.67,No Sensor,9.11,8.93,8.62,7.66,9.61,7.87,8.34,7.14,8.31,8.49,,20,976,30,19.64,
16.02.17 14:33:06,84.08,8.61,7.46,7.17,6.98,7.75,8.42,10.53,9.25,7.94,8.8,7.03,8.94,6.65,No Sensor,9.11,8.93,8.62,7.68,9.57,7.89,8.34,7.14,8.31,8.48,,20,976,30,19.64,
16.02.17 14:33:21,84.33,8.59,7.46,7.13,6.94,7.79,8.41,10.48,9.23,7.96,8.82,7.02,8.93,6.64,No Sensor,9.11,8.91,8.58,7.69,9.61,7.92,8.31,7.15,8.34,8.49,,20,976,30,19.64,
16.02.17 14:33:36,84.58,8.61,7.47,7.14,6.95,7.78,8.41,10.52,9.2,7.94,8.8,6.84,8.93,6.64,No Sensor,9.14,8.91,8.62,7.69,9.57,7.9,8.34,7.14,8.34,8.51,,20,976,30,19.64,
16.02.17 14:33:51,84.83,8.59,7.47,7.17,6.99,7.78,8.42,10.52,9.25,7.94,8.81,7.06,8.9,6.68,No Sensor,9.13,8.9,8.61,7.71,9.58,7.92,8.32,7.14,8.3,8.49,,20,976,30,19.64,
16.02.17 14:34:06,85.08,8.59,7.46,7.15,6.94,7.76,8.4,10.5,9.22,7.93,8.81,6.84,8.88,6.67,No Sensor,9.09,8.9,8.59,7.66,9.58,7.86,8.31,7.1,8.31,8.48,,20,976,30,19.63,
16.02.17 14:34:21,85.33,8.61,7.47,7.13,6.96,7.78,8.41,10.48,9.23,7.94,8.8,6.91,8.91,6.67,No Sensor,9.11,8.91,8.59,7.69,9.54,7.89,8.31,7.14,8.27,8.49,,20,976,30,19.64,
16.02.17 14:34:36,85.58,8.58,7.46,7.1,6.92,7.73,8.38,10.48,9.23,7.93,8.8,6.98,8.88,6.67,No Sensor,9.09,8.9,8.59,7.65,9.57,7.87,8.31,7.11,8.27,8.45,,20,976,30,19.64,
16.02.17 14:34:51,85.83,8.62,7.48,7.15,6.96,7.78,8.44,10.5,9.2,7.93,8.84,6.91,8.91,6.67,No Sensor,9.13,8.88,8.59,7.69,9.58,7.87,8.31,7.11,8.3,8.45,,20,976,30,19.64,
16.02.17 14:35:06,86.08,8.62,7.47,7.14,6.94,7.79,8.41,10.45,9.2,7.93,8.81,7.02,8.9,6.64,No Sensor,9.07,8.87,8.61,7.68,9.57,7.89,8.32,7.15,8.3,8.48,,20,976,30,19.64,
16.02.17 14:35:21,86.33,8.58,7.48,7.15,6.91,7.75,8.4,10.5,9.26,7.93,8.78,6.8,8.87,6.65,No Sensor,9.09,8.85,8.57,7.65,9.53,7.87,8.31,7.14,8.24,8.49,,20,976,30,19.64,
16.02.17 14:35:36,86.58,8.58,7.5,7.11,6.94,7.75,8.42,10.47,9.22,7.94,8.8,6.86,8.88,6.64,No Sensor,9.09,8.85,8.61,7.73,9.55,7.89,8.31,7.14,8.27,8.47,,20,976,30,19.64,
16.02.17 14:35:51,86.83,8.62,7.47,7.11,6.94,7.75,8.38,10.48,9.22,7.92,8.81,6.99,8.88,6.67,No Sensor,9.09,8.87,8.57,7.66,9.54,7.87,8.3,7.15,8.28,8.49,,20,976,30,19.65,
16.02.17 14:36:06,87.08,8.59,7.46,7.11,6.9,7.75,8.38,10.47,9.2,7.94,8.78,6.96,8.85,6.64,No Sensor,9.04,8.87,8.58,7.68,9.54,7.9,8.31,7.14,8.24,8.44,,20,976,30,19.65,
16.02.17 14:36:21,87.33,8.58,7.47,7.13,6.88,7.75,8.4,10.44,9.22,7.94,8.81,6.91,8.9,6.67,No Sensor,9.07,8.91,8.57,7.71,9.54,7.87,8.34,7.11,8.27,8.47,,20,976,30,19.64,
16.02.17 14:36:36,87.58,8.61,7.5,7.13,6.9,7.78,8.41,10.45,9.2,7.96,8.8,6.88,8.85,6.67,No Sensor,9.06,8.87,8.57,7.69,9.51,7.89,8.31,7.15,8.28,8.48,,20,976,30,19.64,
16.02.17 14:36:51,87.83,8.59,7.47,7.1,6.88,7.75,8.41,10.45,9.22,7.92,8.8,7.03,8.85,6.65,No Sensor,9.04,8.82,8.59,7.69,9.55,7.9,8.3,7.13,8.27,8.45,,20,976,30,19.65,
16.02.17 14:37:06,88.08,8.61,7.5,7.09,6.87,7.73,8.4,10.45,9.22,7.92,8.78,7,8.84,6.64,No Sensor,9.04,8.81,8.57,7.69,9.55,7.83,8.28,7.14,8.22,8.45,,20,976,30,19.65,
16.02.17 14:37:21,88.33,8.61,7.46,7.07,6.87,7.76,8.37,10.45,9.23,7.87,8.77,6.96,8.84,6.67,No Sensor,9.06,8.87,8.57,7.65,9.53,7.86,8.32,7.11,8.27,8.47,,20,976,30,19.65,
16.02.17 14:37:36,88.58,8.61,7.44,7.11,6.87,7.76,8.41,10.44,9.23,7.94,8.8,6.99,8.84,6.68,No Sensor,9.03,8.84,8.58,7.69,9.51,7.92,8.31,7.14,8.24,8.47,,20,976,30,19.64,
16.02.17 14:37:51,88.83,8.61,7.5,7.09,6.88,7.73,8.4,10.47,9.19,7.87,8.8,7.03,8.84,6.71,No Sensor,9.06,8.84,8.61,7.69,9.51,7.9,8.3,7.15,8.25,8.49,,20,976,30,19.65,
16.02.17 14:38:06,89.08,8.59,7.48,7.13,6.87,7.78,8.35,10.42,9.2,7.9,8.8,6.95,8.82,6.67,No Sensor,9.03,8.84,8.57,7.71,9.51,7.9,8.31,7.15,8.21,8.48,,20,976,30,19.65,
16.02.17 14:38:21,89.33,8.61,7.48,7.07,6.87,7.75,8.41,10.47,9.2,7.92,8.8,6.99,8.84,6.67,No Sensor,9.03,8.81,8.54,7.69,9.5,7.86,8.3,7.13,8.25,8.48,,20,976,30,19.65,
16.02.17 14:38:37,89.6,8.59,7.47,7.06,6.83,7.76,8.41,10.44,9.23,7.89,8.78,6.84,8.85,6.68,No Sensor,9.03,8.82,8.54,7.68,9.51,7.87,8.28,7.17,8.24,8.48,,20,976,30,19.66,
16.02.17 14:38:52,89.85,8.61,7.44,7.1,6.81,7.76,8.4,10.45,9.26,7.9,8.8,6.91,8.81,6.68,No Sensor,9.03,8.82,8.54,7.71,9.5,7.85,8.31,7.14,8.21,8.49,,20,976,30,19.66,
16.02.17 14:39:07,90.1,8.58,7.46,7.06,6.87,7.69,8.38,10.42,9.22,7.9,8.77,7.02,8.82,6.69,No Sensor,9.01,8.84,8.55,7.69,9.48,7.87,8.32,7.13,8.21,8.49,,20,976,30,19.66,
16.02.17 14:39:22,90.35,8.61,7.48,7.07,6.84,7.75,8.42,10.45,9.2,7.89,8.81,7,8.81,6.65,No Sensor,9.04,8.87,8.55,7.69,9.5,7.9,8.28,7.15,8.2,8.48,,20,976,30,19.66,
16.02.17 14:39:37,90.6,8.59,7.47,7.06,6.84,7.72,8.37,10.44,9.2,7.89,8.78,6.9,8.8,6.65,No Sensor,9.04,8.82,8.52,7.72,9.47,7.86,8.3,7.14,8.21,8.47,,20,976,30,19.66,
16.02.17 14:39:52,90.85,8.59,7.46,7.03,6.8,7.75,8.38,10.41,9.22,7.87,8.78,6.99,8.8,6.68,No Sensor,9.01,8.85,8.54,7.73,9.48,7.89,8.34,7.13,8.21,8.51,,20,976,30,19.68,
16.02.17 14:40:07,91.1,8.58,7.46,7.05,6.83,7.73,8.41,10.44,9.22,7.87,8.75,7,8.81,6.65,No Sensor,8.97,8.84,8.52,7.68,9.5,7.83,8.3,7.13,8.2,8.44,,20,976,30,19.68,
16.02.17 14:40:22,91.35,8.59,7.46,7.07,6.83,7.78,8.41,10.44,9.17,7.86,8.77,7.05,8.84,6.68,No Sensor,9,8.84,8.52,7.73,9.48,7.87,8.32,7.13,8.21,8.49,,20,976,30,19.68,
16.02.17 14:40:37,91.6,8.57,7.46,7,6.79,7.75,8.37,10.36,9.19,7.87,8.78,6.81,8.8,6.61,No Sensor,9.04,8.84,8.54,7.69,9.45,7.89,8.28,7.14,8.17,8.47,,20,976,30,19.68,
16.02.17 14:40:52,91.85,8.58,7.47,7.03,6.77,7.72,8.35,10.39,9.16,7.87,8.75,6.83,8.78,6.63,No Sensor,8.97,8.81,8.52,7.71,9.45,7.89,8.28,7.1,8.14,8.48,,20,976,30,19.7,
16.02.17 14:41:07,92.1,8.59,7.51,7.05,6.79,7.71,8.38,10.42,9.22,7.87,8.74,6.86,8.78,6.69,No Sensor,9.01,8.84,8.51,7.72,9.47,7.87,8.3,7.17,8.21,8.48,,20,976,30,19.7,
16.02.17 14:41:22,92.35,8.59,7.46,7.05,6.8,7.75,8.37,10.36,9.2,7.87,8.74,7.03,8.78,6.64,No Sensor,8.98,8.82,8.52,7.72,9.47,7.87,8.31,7.15,8.2,8.48,,20,976,30,19.68,
16.02.17 14:41:37,92.6,8.58,7.47,7.03,6.76,7.75,8.32,10.36,9.19,7.87,8.78,7.03,8.8,6.69,No Sensor,9.01,8.82,8.54,7.71,9.42,7.87,8.3,7.13,8.15,8.48,,20,976,30,19.68,
16.02.17 14:41:52,92.85,8.57,7.48,6.99,6.77,7.73,8.37,10.41,9.2,7.86,8.77,6.84,8.75,6.68,No Sensor,8.98,8.81,8.52,7.71,9.45,7.9,8.27,7.17,8.18,8.47,,20,976,30,19.68,
16.02.17 14:42:07,93.1,8.61,7.46,7.02,6.77,7.75,8.38,10.38,9.2,7.89,8.78,6.8,8.77,6.65,No Sensor,9,8.81,8.51,7.73,9.44,7.89,8.28,7.17,8.21,8.48,,20,976,30,19.7,
16.02.17 14:42:22,93.35,8.58,7.5,7,6.75,7.72,8.38,10.39,9.22,7.85,8.78,6.9,8.75,6.65,No Sensor,9.01,8.84,8.54,7.72,9.45,7.87,8.28,7.14,8.18,8.47,,20,976,30,19.7,
16.02.17 14:42:37,93.6,8.57,7.47,6.96,6.73,7.71,8.37,10.35,9.17,7.85,8.75,7.02,8.75,6.68,No Sensor,8.98,8.78,8.51,7.69,9.44,7.87,8.27,7.1,8.18,8.47,,20,976,30,19.72,
16.02.17 14:42:52,93.85,8.59,7.5,6.99,6.73,7.73,8.35,10.35,9.19,7.87,8.78,6.83,8.74,6.69,No Sensor,8.94,8.77,8.49,7.72,9.42,7.86,8.25,7.14,8.13,8.47,,20,976,30,19.7,
16.02.17 14:43:07,94.1,8.55,7.48,6.99,6.71,7.73,8.34,10.36,9.22,7.86,8.74,6.91,8.74,6.68,No Sensor,8.98,8.82,8.51,7.68,9.45,7.89,8.25,7.17,8.14,8.48,,20,976,30,19.72,
16.02.17 14:43:22,94.35,8.59,7.47,6.98,6.73,7.69,8.37,10.38,9.19,7.87,8.75,6.91,8.74,6.67,No Sensor,8.98,8.78,8.55,7.72,9.41,7.85,8.32,7.13,8.15,8.47,,20,976,30,19.7,
16.02.17 14:43:37,94.6,8.57,7.5,7,6.75,7.71,8.35,10.36,9.17,7.85,8.77,6.88,8.74,6.68,No Sensor,8.96,8.8,8.49,7.72,9.39,7.87,8.28,7.11,8.17,8.48,,20,976,30,19.72,
16.02.17 14:43:52,94.85,8.54,7.47,6.95,6.69,7.72,8.35,10.32,9.17,7.83,8.75,6.98,8.7,6.69,No Sensor,8.98,8.81,8.51,7.71,9.41,7.87,8.27,7.15,8.17,8.47,,20,976,30,19.72,
16.02.17 14:44:07,95.1,8.54,7.43,6.94,6.71,7.72,8.35,10.32,9.19,7.8,8.77,6.88,8.72,6.65,No Sensor,8.96,8.78,8.49,7.71,9.42,7.86,8.25,7.13,8.13,8.48,,20,976,30,19.72,
16.02.17 14:44:22,95.35,8.48,7.46,6.92,6.68,7.65,8.3,10.27,9.14,7.82,8.77,6.84,8.71,6.64,No Sensor,8.93,8.77,8.48,7.68,9.38,7.89,8.24,7.13,8.11,8.41,,20,976,30,19.72,
16.02.17 14:44:37,95.6,8.49,7.43,6.91,6.64,7.66,8.32,10.27,9.14,7.82,8.74,6.95,8.71,6.68,No Sensor,8.98,8.8,8.48,7.66,9.39,7.85,8.22,7.1,8.14,8.45,,20,976,30,19.72,
16.02.17 14:44:52,95.85,8.51,7.4,6.9,6.69,7.68,8.34,10.26,9.17,7.83,8.77,7.03,8.71,6.68,No Sensor,8.96,8.8,8.49,7.68,9.41,7.89,8.25,7.14,8.08,8.45,,20,976,30,19.72,
16.02.17 14:45:07,96.1,8.48,7.41,6.87,6.65,7.66,8.25,10.26,9.1,7.83,8.74,7,8.67,6.64,No Sensor,8.93,8.78,8.45,7.69,9.38,7.83,8.24,7.14,8.13,8.45,,20,976,30,19.7,
16.02.17 14:45:22,96.35,8.47,7.39,6.88,6.63,7.66,8.31,10.24,9.13,7.82,8.77,6.92,8.64,6.63,No Sensor,8.9,8.74,8.48,7.65,9.36,7.86,8.2,7.15,8.1,8.44,,20,976,30,19.7,
16.02.17 14:45:37,96.6,8.44,7.37,6.84,6.61,7.65,8.25,10.24,9.1,7.8,8.75,6.88,8.65,6.65,No Sensor,8.9,8.75,8.47,7.66,9.35,7.85,8.22,7.1,8.07,8.41,,20,976,30,19.7,
16.02.17 14:45:52,96.85,8.48,7.39,6.87,6.64,7.64,8.25,10.26,9.04,7.8,8.7,6.92,8.7,6.67,No Sensor,8.91,8.75,8.44,7.62,9.32,7.82,8.18,7.1,8.07,8.42,,20,976,30,19.7,
16.02.17 14:46:07,97.1,8.48,7.39,6.84,6.6,7.64,8.22,10.23,9.1,7.8,8.7,6.94,8.65,6.63,No Sensor,8.96,8.74,8.48,7.68,9.38,7.82,8.18,7.11,8.07,8.44,,20,976,30,19.7,
16.02.17 14:46:22,97.35,8.47,7.39,6.83,6.6,7.65,8.25,10.23,9.1,7.8,8.72,6.86,8.7,6.67,No Sensor,8.93,8.75,8.45,7.66,9.36,7.82,8.18,7.13,8.08,8.41,,20,976,30,19.7,
16.02.17 14:46:37,97.6,8.45,7.37,6.8,6.59,7.66,8.22,10.24,9.1,7.79,8.72,6.92,8.64,6.61,No Sensor,8.88,8.72,8.45,7.66,9.3,7.8,8.2,7.11,8.08,8.42,,20,976,30,19.68,
16.02.17 14:46:52,97.85,8.44,7.41,6.81,6.55,7.65,8.25,10.24,9.07,7.8,8.72,7.02,8.65,6.65,No Sensor,8.9,8.72,8.45,7.65,9.3,7.83,8.17,7.07,8.08,8.44,,20,976,30,19.68,
16.02.17 14:47:07,98.1,8.45,7.35,6.81,6.57,7.61,8.27,10.2,9.1,7.8,8.72,6.84,8.67,6.65,No Sensor,8.88,8.7,8.45,7.68,9.35,7.8,8.15,7.1,8.08,8.42,,20,976,30,19.7,
16.02.17 14:47:22,98.35,8.45,7.36,6.79,6.57,7.62,8.24,10.21,9.04,7.79,8.71,6.87,8.64,6.64,No Sensor,8.9,8.72,8.44,7.65,9.3,7.8,8.17,7.1,8.04,8.41,,20,976,30,19.68,
16.02.17 14:47:37,98.6,8.45,7.39,6.83,6.56,7.64,8.22,10.18,9.09,7.76,8.7,6.96,8.62,6.61,No Sensor,8.85,8.71,8.44,7.65,9.29,7.8,8.15,7.09,8.06,8.44,,20,976,30,19.68,
16.02.17 14:47:52,98.85,8.45,7.39,6.8,6.56,7.64,8.24,10.21,9.04,7.76,8.72,6.95,8.65,6.64,No Sensor,8.88,8.68,8.4,7.65,9.33,7.8,8.2,7.09,8.03,8.4,,20,976,30,19.68,
16.02.17 14:48:07,99.1,8.48,7.4,6.83,6.56,7.65,8.25,10.21,9.09,7.79,8.74,7,8.62,6.64,No Sensor,8.85,8.68,8.44,7.66,9.3,7.79,8.15,7.09,8.04,8.4,,20,976,30,19.68,
16.02.17 14:48:22,99.35,8.44,7.37,6.81,6.55,7.66,8.2,10.2,9.09,7.78,8.74,6.84,8.64,6.61,No Sensor,8.85,8.72,8.45,7.69,9.32,7.8,8.18,7.09,8.01,8.38,,20,976,30,19.68,
16.02.17 14:48:37,99.6,8.44,7.4,6.8,6.55,7.58,8.21,10.18,9.1,7.79,8.68,7,8.62,6.6,No Sensor,8.84,8.7,8.41,7.71,9.3,7.8,8.15,7.07,8.03,8.42,,20,976,30,19.68,
16.02.17 14:48:52,99.85,8.44,7.43,6.8,6.53,7.62,8.17,10.18,9.07,7.78,8.7,6.81,8.61,6.67,No Sensor,8.88,8.7,8.45,7.66,9.33,7.82,8.17,7.09,8.01,8.42,,20,976,30,19.68,
16.02.17 14:49:07,100.1,8.42,7.4,6.79,6.52,7.62,8.22,10.18,9.06,7.73,8.68,6.83,8.62,6.61,No Sensor,8.84,8.64,8.4,7.68,9.3,7.8,8.17,7.09,8,8.38,,20,976,30,19.68,
16.02.17 14:49:22,100.35,8.45,7.4,6.8,6.52,7.62,8.2,10.2,9.09,7.73,8.64,6.87,8.64,6.63,No Sensor,8.81,8.7,8.42,7.65,9.23,7.8,8.13,7.07,7.99,8.4,,20,976,30,19.66,
16.02.17 14:49:37,100.6,8.45,7.37,6.76,6.51,7.62,8.2,10.17,9.07,7.73,8.67,6.92,8.62,6.61,No Sensor,8.84,8.67,8.41,7.68,9.29,7.8,8.11,7.07,7.97,8.4,,20,976,30,19.68,
16.02.17 14:49:52,100.85,8.42,7.41,6.77,6.53,7.65,8.2,10.21,9.09,7.76,8.71,6.83,8.61,6.67,No Sensor,8.84,8.68,8.41,7.65,9.26,7.82,8.15,7.09,8.03,8.44,,20,976,30,19.66,
16.02.17 14:50:07,101.1,8.44,7.39,6.77,6.47,7.58,8.2,10.18,9.1,7.72,8.68,6.92,8.58,6.63,No Sensor,8.77,8.64,8.38,7.65,9.25,7.8,8.13,7.06,8,8.41,,20,976,30,19.68,
16.02.17 14:50:22,101.35,8.42,7.41,6.77,6.52,7.61,8.2,10.18,9.04,7.71,8.67,6.92,8.57,6.61,No Sensor,8.8,8.67,8.41,7.69,9.23,7.8,8.14,7.07,7.99,8.41,,20,976,30,19.68,
16.02.17 14:50:37,101.6,8.44,7.4,6.8,6.49,7.58,8.18,10.18,9.1,7.75,8.68,6.86,8.57,6.61,No Sensor,8.81,8.64,8.38,7.69,9.23,7.79,8.14,7.09,8,8.4,,20,976,30,19.68,
16.02.17 14:50:52,101.85,8.44,7.41,6.76,6.45,7.57,8.18,10.17,9.01,7.73,8.65,6.84,8.58,6.6,No Sensor,8.81,8.64,8.41,7.68,9.23,7.78,8.11,7.07,7.93,8.38,,20,976,30,19.68,
16.02.17 14:51:07,102.1,8.44,7.43,6.77,6.47,7.58,8.18,10.17,9.06,7.73,8.67,6.83,8.62,6.63,No Sensor,8.82,8.64,8.4,7.64,9.28,7.79,8.14,7.11,7.96,8.41,,20,976,30,19.68,
16.02.17 14:51:22,102.35,8.45,7.39,6.76,6.51,7.62,8.21,10.2,9.07,7.73,8.68,6.88,8.59,6.67,No Sensor,8.84,8.67,8.4,7.72,9.26,7.79,8.13,7.1,7.94,8.42,,20,976,30,19.68,
16.02.17 14:51:37,102.6,8.42,7.4,6.73,6.51,7.61,8.15,10.15,9.04,7.73,8.65,6.8,8.57,6.64,No Sensor,8.81,8.65,8.41,7.65,9.25,7.8,8.15,7.1,7.96,8.38,,20,976,30,19.68,
16.02.17 14:51:52,102.85,8.44,7.41,6.76,6.49,7.59,8.18,10.18,9.07,7.72,8.67,7,8.57,6.63,No Sensor,8.78,8.65,8.41,7.68,9.26,7.8,8.14,7.07,7.97,8.38,,20,976,30,19.66,
16.02.17 14:52:07,103.1,8.44,7.41,6.73,6.48,7.57,8.14,10.17,9.04,7.71,8.7,6.88,8.57,6.64,No Sensor,8.78,8.64,8.4,7.69,9.23,7.8,8.13,7.09,7.94,8.4,,20,976,30,19.68,
16.02.17 14:52:22,103.35,8.44,7.44,6.76,6.48,7.57,8.13,10.09,9.06,7.69,8.67,6.94,8.57,6.6,No Sensor,8.77,8.65,8.38,7.69,9.23,7.79,8.14,7.07,7.96,8.4,,20,976,30,19.66,
16.02.17 14:52:37,103.6,8.41,7.43,6.75,6.47,7.58,8.14,10.12,9.06,7.71,8.65,6.94,8.55,6.64,No Sensor,8.8,8.62,8.35,7.66,9.23,7.79,8.1,7.09,7.99,8.38,,20,976,30,19.68,
16.02.17 14:52:52,103.85,8.42,7.4,6.76,6.43,7.61,8.13,10.15,9.07,7.72,8.65,6.98,8.54,6.61,No Sensor,8.8,8.61,8.37,7.66,9.25,7.78,8.1,7.09,7.93,8.35,,20,976,30,19.68,
16.02.17 14:53:07,104.1,8.42,7.41,6.75,6.44,7.54,8.13,10.14,9.04,7.73,8.62,6.94,8.55,6.63,No Sensor,8.81,8.61,8.4,7.65,9.25,7.79,8.13,7.09,7.94,8.38,,20,976,30,19.68,
16.02.17 14:53:22,104.35,8.44,7.41,6.75,6.43,7.61,8.14,10.15,9.06,7.69,8.68,7.03,8.52,6.63,No Sensor,8.8,8.61,8.37,7.68,9.19,7.78,8.11,7.09,7.92,8.37,,20,976,30,19.68,
16.02.17 14:53:37,104.6,8.44,7.4,6.73,6.43,7.61,8.11,10.12,9.04,7.73,8.67,6.87,8.55,6.64,No Sensor,8.78,8.64,8.35,7.71,9.22,7.76,8.11,7.09,7.92,8.35,,20,976,30,19.7,
16.02.17 14:53:52,104.85,8.44,7.43,6.73,6.43,7.61,8.17,10.14,9,7.71,8.65,6.98,8.54,6.63,No Sensor,8.8,8.59,8.35,7.68,9.2,7.8,8.14,7.07,7.92,8.38,,20,976,30,19.68,
16.02.17 14:54:07,105.1,8.45,7.41,6.72,6.43,7.61,8.13,10.11,9.01,7.71,8.61,6.95,8.52,6.67,No Sensor,8.8,8.59,8.38,7.68,9.25,7.78,8.08,7.11,7.92,8.38,,20,976,30,19.68,
16.02.17 14:54:22,105.35,8.42,7.43,6.72,6.41,7.59,8.11,10.12,9.06,7.66,8.61,6.91,8.52,6.64,No Sensor,8.78,8.59,8.35,7.66,9.23,7.79,8.13,7.1,7.9,8.35,,20,976,30,19.7,
16.02.17 14:54:37,105.6,8.38,7.39,6.69,6.41,7.53,8.13,10.12,9.03,7.68,8.61,6.96,8.49,6.67,No Sensor,8.74,8.57,8.32,7.65,9.22,7.75,8.08,7.07,7.87,8.32,,20,976,30,19.68,
16.02.17 14:54:52,105.85,8.4,7.43,6.71,6.39,7.58,8.11,10.12,9.03,7.68,8.62,6.86,8.51,6.65,No Sensor,8.74,8.58,8.34,7.64,9.17,7.75,8.07,7.07,7.92,8.37,,20,976,30,19.7,
16.02.17 14:55:07,106.1,8.41,7.44,6.72,6.41,7.59,8.15,10.09,9.01,7.68,8.68,6.87,8.49,6.65,No Sensor,8.78,8.61,8.35,7.68,9.17,7.79,8.13,7.09,7.9,8.37,,20,976,30,19.7,
16.02.17 14:55:22,106.35,8.42,7.44,6.69,6.37,7.58,8.11,10.11,9.03,7.69,8.64,6.9,8.55,6.6,No Sensor,8.78,8.57,8.34,7.69,9.17,7.78,8.14,7.1,7.89,8.35,,20,976,30,19.7,
16.02.17 14:55:37,106.6,8.42,7.44,6.72,6.43,7.55,8.11,10.09,9.06,7.68,8.64,6.91,8.51,6.64,No Sensor,8.77,8.58,8.31,7.68,9.19,7.79,8.08,7.06,7.89,8.35,,20,976,30,19.7,
16.02.17 14:55:52,106.85,8.4,7.43,6.69,6.39,7.58,8.13,10.08,9.01,7.71,8.62,6.8,8.51,6.65,No Sensor,8.8,8.59,8.32,7.71,9.19,7.76,8.11,7.07,7.93,8.34,,20,976,30,19.7,
16.02.17 14:56:07,107.1,8.45,7.44,6.65,6.39,7.58,8.11,10.06,9.03,7.66,8.62,7,8.47,6.61,No Sensor,8.72,8.57,8.34,7.69,9.19,7.76,8.11,7.06,7.89,8.37,,20,976,30,19.7,
16.02.17 14:56:22,107.35,8.41,7.43,6.65,6.35,7.57,8.11,10.08,9.01,7.69,8.61,6.95,8.47,6.63,No Sensor,8.75,8.57,8.35,7.66,9.16,7.78,8.06,7.09,7.89,8.37,,20,976,30,19.7,
16.02.17 14:56:37,107.6,8.4,7.44,6.69,6.37,7.57,8.13,10.08,9.01,7.69,8.65,6.8,8.49,6.64,No Sensor,8.72,8.58,8.37,7.69,9.16,7.79,8.06,7.07,7.86,8.35,,20,976,30,19.72,
16.02.17 14:56:52,107.85,8.41,7.4,6.67,6.31,7.54,8.1,10.08,8.98,7.69,8.61,6.9,8.45,6.64,No Sensor,8.75,8.55,8.31,7.69,9.16,7.78,8.1,7.07,7.86,8.34,,20,976,30,19.72,
16.02.17 14:57:07,108.1,8.41,7.44,6.65,6.35,7.57,8.1,10.05,8.98,7.68,8.64,6.86,8.48,6.64,No Sensor,8.74,8.57,8.37,7.66,9.17,7.78,8.1,7.09,7.87,8.37,,20,976,30,19.72,
16.02.17 14:57:22,108.35,8.4,7.43,6.67,6.37,7.54,8.06,10.12,9.03,7.64,8.64,6.94,8.45,6.61,No Sensor,8.75,8.55,8.32,7.68,9.16,7.78,8.06,7.1,7.83,8.35,,20,976,30,19.72,
16.02.17 14:57:37,108.6,8.41,7.44,6.65,6.36,7.53,8.08,10.06,8.96,7.68,8.61,6.95,8.42,6.63,No Sensor,8.74,8.58,8.32,7.69,9.17,7.76,8.07,7.1,7.85,8.35,,20,976,30,19.72,
16.02.17 14:57:52,108.85,8.42,7.44,6.68,6.32,7.55,8.07,10.09,9,7.68,8.65,6.96,8.45,6.61,No Sensor,8.77,8.57,8.32,7.71,9.14,7.79,8.07,7.06,7.85,8.34,,20,976,30,19.73,
16.02.17 14:58:07,109.1,8.38,7.46,6.63,6.36,7.51,8.07,10.06,9.01,7.64,8.65,6.98,8.47,6.64,No Sensor,8.7,8.51,8.31,7.66,9.14,7.75,8.08,7.06,7.85,8.32,,20,976,30,19.73,
16.02.17 14:58:22,109.35,8.42,7.44,6.63,6.36,7.53,8.1,10.03,9.01,7.64,8.59,6.99,8.44,6.64,No Sensor,8.72,8.54,8.31,7.69,9.14,7.76,8.08,7.09,7.85,8.34,,20,976,30,19.73,
16.02.17 14:58:37,109.6,8.42,7.43,6.65,6.31,7.57,8.11,10.05,8.98,7.64,8.64,7,8.44,6.64,No Sensor,8.72,8.55,8.31,7.72,9.14,7.75,8.07,7.06,7.85,8.34,,20,976,30,19.73,
16.02.17 14:58:53,109.87,8.37,7.39,6.61,6.28,7.5,8.1,10.02,9,7.66,8.61,7,8.45,6.59,No Sensor,8.74,8.55,8.3,7.71,9.09,7.79,8.06,7.06,7.79,8.32,,20,976,30,19.75,
16.02.17 14:59:08,110.12,8.38,7.43,6.63,6.27,7.55,8.08,10.03,8.97,7.66,8.61,6.91,8.47,6.64,No Sensor,8.71,8.55,8.34,7.71,9.14,7.79,8.06,7.09,7.86,8.32,,20,976,30,19.73,
16.02.17 14:59:23,110.37,8.34,7.4,6.61,6.29,7.51,8.07,10,9,7.62,8.59,6.92,8.41,6.63,No Sensor,8.7,8.51,8.3,7.66,9.11,7.73,8.04,7.09,7.82,8.31,,20,976,30,19.73,
16.02.17 14:59:38,110.62,8.34,7.36,6.57,6.27,7.5,8.06,9.99,8.96,7.68,8.61,6.88,8.42,6.64,No Sensor,8.71,8.49,8.34,7.71,9.14,7.78,8.03,7.09,7.82,8.31,,20,976,30,19.73,
16.02.17 14:59:53,110.87,8.31,7.37,6.59,6.27,7.48,8.03,9.97,8.97,7.62,8.59,6.94,8.37,6.63,No Sensor,8.7,8.52,8.34,7.68,9.13,7.72,8.06,7.07,7.82,8.31,,20,976,30,19.73,
16.02.17 15:00:08,111.12,8.32,7.39,6.59,6.24,7.5,8.06,9.97,8.93,7.62,8.57,6.92,8.41,6.61,No Sensor,8.72,8.52,8.28,7.66,9.13,7.75,8.06,7.09,7.8,8.31,,20,976,30,19.73,
16.02.17 15:00:23,111.37,8.27,7.33,6.51,6.24,7.47,8,9.94,8.91,7.61,8.57,6.88,8.37,6.61,No Sensor,8.72,8.51,8.3,7.66,9.1,7.75,8.04,7.05,7.75,8.28,,20,976,30,19.73,
16.02.17 15:00:38,111.62,8.28,7.32,6.51,6.24,7.43,8.04,9.93,8.88,7.61,8.58,6.94,8.38,6.63,No Sensor,8.72,8.48,8.25,7.64,9.07,7.73,8,7.09,7.79,8.28,,20,976,30,19.73,
16.02.17 15:00:53,111.87,8.25,7.33,6.51,6.27,7.44,7.99,9.87,8.88,7.61,8.58,6.88,8.35,6.6,No Sensor,8.7,8.45,8.24,7.65,9.09,7.69,7.96,7.05,7.73,8.25,,20,976,30,19.72,
16.02.17 15:01:08,112.12,8.28,7.32,6.48,6.21,7.44,7.97,9.9,8.85,7.58,8.58,7,8.37,6.63,No Sensor,8.64,8.52,8.25,7.68,9.1,7.72,7.97,7.09,7.78,8.27,,20,976,30,19.72,
16.02.17 15:01:23,112.37,8.28,7.32,6.52,6.19,7.43,7.93,9.88,8.87,7.59,8.57,6.83,8.37,6.59,No Sensor,8.67,8.45,8.25,7.64,9.04,7.72,7.99,7.06,7.76,8.27,,20,976,30,19.72,
16.02.17 15:01:38,112.62,8.27,7.3,6.47,6.2,7.41,7.94,9.91,8.87,7.61,8.55,6.81,8.37,6.57,No Sensor,8.67,8.44,8.22,7.62,9.03,7.69,7.97,7.03,7.73,8.24,,20,976,30,19.72,
16.02.17 15:01:53,112.87,8.27,7.33,6.49,6.23,7.47,7.94,9.9,8.91,7.61,8.55,6.99,8.37,6.6,No Sensor,8.67,8.48,8.25,7.65,9.04,7.73,7.99,7.03,7.78,8.3,,20,976,30,19.7,
16.02.17 15:02:08,113.12,8.24,7.3,6.48,6.23,7.5,7.97,9.9,8.87,7.61,8.54,7,8.32,6.63,No Sensor,8.64,8.45,8.27,7.61,9.06,7.69,7.96,7.02,7.75,8.25,,20,976,30,19.72,
16.02.17 15:02:23,113.37,8.28,7.3,6.47,6.2,7.43,7.97,9.9,8.88,7.58,8.57,6.86,8.34,6.6,No Sensor,8.61,8.48,8.25,7.65,9.07,7.71,7.97,7.02,7.75,8.25,,20,976,30,19.7,
16.02.17 15:02:38,113.62,8.28,7.33,6.45,6.2,7.43,7.94,9.93,8.84,7.57,8.54,6.8,8.35,6.57,No Sensor,8.65,8.48,8.28,7.65,9.03,7.68,7.96,7.02,7.73,8.25,,20,976,30,19.7,
16.02.17 15:02:53,113.87,8.28,7.35,6.48,6.17,7.46,7.93,9.93,8.91,7.59,8.55,6.8,8.34,6.6,No Sensor,8.64,8.44,8.24,7.65,9,7.66,7.99,7.05,7.75,8.22,,20,976,30,19.68,
16.02.17 15:03:08,114.12,8.28,7.3,6.48,6.19,7.41,7.92,9.9,8.84,7.62,8.55,6.94,8.34,6.63,No Sensor,8.64,8.47,8.24,7.62,9.01,7.66,7.97,7.02,7.71,8.21,,20,976,30,19.7,
16.02.17 15:03:23,114.37,8.28,7.32,6.45,6.17,7.41,7.94,9.91,8.88,7.59,8.55,6.81,8.34,6.61,No Sensor,8.61,8.42,8.25,7.66,9.03,7.69,7.99,7.02,7.69,8.22,,20,976,30,19.7,
16.02.17 15:03:38,114.62,8.27,7.3,6.45,6.17,7.41,7.93,9.88,8.85,7.57,8.51,6.99,8.32,6.6,No Sensor,8.62,8.45,8.22,7.64,9.04,7.72,7.96,7.05,7.69,8.22,,20,976,30,19.7,
16.02.17 15:03:53,114.87,8.28,7.32,6.45,6.16,7.44,7.93,9.91,8.87,7.58,8.55,6.79,8.31,6.6,No Sensor,8.59,8.45,8.21,7.64,9.03,7.68,7.96,7.03,7.71,8.21,,20,976,30,19.7,
16.02.17 15:04:08,115.12,8.27,7.35,6.45,6.16,7.41,7.93,9.88,8.84,7.58,8.51,6.98,8.31,6.59,No Sensor,8.62,8.41,8.24,7.62,9.03,7.66,7.96,7,7.69,8.22,,20,976,30,19.7,
16.02.17 15:04:23,115.37,8.27,7.35,6.48,6.15,7.39,7.93,9.85,8.82,7.54,8.54,6.79,8.32,6.6,No Sensor,8.58,8.42,8.25,7.66,8.98,7.69,7.94,6.99,7.69,8.21,,20,976,30,19.68,
16.02.17 15:04:38,115.62,8.25,7.35,6.44,6.12,7.39,7.92,9.81,8.84,7.55,8.52,6.91,8.31,6.59,No Sensor,8.58,8.41,8.22,7.62,8.96,7.69,7.93,7.02,7.69,8.2,,20,976,30,19.7,
16.02.17 15:04:53,115.87,8.28,7.32,6.44,6.12,7.44,7.94,9.85,8.85,7.54,8.54,6.99,8.32,6.6,No Sensor,8.58,8.42,8.22,7.64,9.03,7.64,7.96,7.02,7.68,8.22,,20,976,30,19.7,
16.02.17 15:05:08,116.12,8.27,7.36,6.47,6.15,7.41,7.9,9.82,8.84,7.55,8.52,6.81,8.31,6.59,No Sensor,8.61,8.42,8.21,7.65,8.98,7.66,7.96,7,7.66,8.21,,20,976,30,19.68,
16.02.17 15:05:23,116.37,8.25,7.35,6.44,6.15,7.41,7.93,9.85,8.87,7.54,8.49,6.91,8.32,6.6,No Sensor,8.61,8.41,8.2,7.64,8.98,7.66,7.97,7.05,7.64,8.22,,20,976,30,19.68,
16.02.17 15:05:38,116.62,8.25,7.33,6.44,6.12,7.41,7.94,9.84,8.85,7.55,8.49,6.8,8.28,6.57,No Sensor,8.61,8.4,8.21,7.66,8.97,7.68,7.94,7.03,7.66,8.2,,20,976,30,19.7,
16.02.17 15:05:53,116.87,8.25,7.35,6.44,6.12,7.4,7.92,9.82,8.82,7.55,8.49,6.86,8.28,6.6,No Sensor,8.55,8.4,8.2,7.62,8.96,7.66,7.92,7.02,7.66,8.18,,20,976,30,19.68,
16.02.17 15:06:08,117.12,8.25,7.33,6.41,6.09,7.37,7.89,9.78,8.81,7.55,8.48,6.75,8.27,6.6,No Sensor,8.55,8.35,8.21,7.65,8.97,7.65,7.9,7.02,7.64,8.17,,20,976,30,19.7,
16.02.17 15:06:23,117.37,8.25,7.33,6.45,6.12,7.37,7.92,9.79,8.87,7.53,8.51,6.94,8.28,6.61,No Sensor,8.58,8.38,8.21,7.64,9,7.69,7.97,6.99,7.64,8.18,,20,976,30,19.68,
16.02.17 15:06:38,117.62,8.27,7.36,6.39,6.11,7.39,7.9,9.81,8.82,7.54,8.49,6.95,8.28,6.63,No Sensor,8.58,8.38,8.21,7.65,8.97,7.66,7.93,7.02,7.61,8.17,,20,976,30,19.68,
16.02.17 15:06:53,117.87,8.27,7.33,6.41,6.08,7.36,7.92,9.82,8.84,7.54,8.48,6.87,8.27,6.6,No Sensor,8.61,8.35,8.17,7.65,8.94,7.64,7.9,7.06,7.61,8.17,,20,976,30,19.68,
16.02.17 15:07:08,118.12,8.22,7.35,6.39,6.07,7.39,7.93,9.84,8.84,7.53,8.49,6.79,8.25,6.59,No Sensor,8.57,8.34,8.17,7.64,8.97,7.65,7.89,7,7.59,8.15,,20,976,30,19.68,
16.02.17 15:07:23,118.37,8.25,7.36,6.4,6.08,7.35,7.89,9.81,8.85,7.53,8.51,6.94,8.25,6.59,No Sensor,8.57,8.35,8.18,7.68,8.97,7.65,7.96,6.98,7.61,8.17,,20,976,30,19.68,
16.02.17 15:07:38,118.62,8.24,7.39,6.41,6.09,7.39,7.9,9.81,8.84,7.54,8.49,6.99,8.24,6.6,No Sensor,8.55,8.37,8.17,7.65,8.98,7.66,7.93,7.05,7.64,8.18,,20,976,30,19.68,
16.02.17 15:07:53,118.87,8.24,7.35,6.37,6.05,7.36,7.87,9.79,8.81,7.53,8.47,6.98,8.24,6.57,No Sensor,8.54,8.34,8.14,7.68,8.97,7.64,7.92,7,7.57,8.14,,20,976,30,19.7,
16.02.17 15:08:08,119.12,8.21,7.35,6.36,6.05,7.32,7.9,9.78,8.8,7.53,8.45,6.91,8.27,6.6,No Sensor,8.49,8.34,8.15,7.64,8.94,7.65,7.92,6.99,7.59,8.14,,20,976,30,19.68,
16.02.17 15:08:23,119.37,8.25,7.35,6.4,6.07,7.35,7.87,9.79,8.81,7.51,8.47,6.91,8.27,6.6,No Sensor,8.52,8.32,8.18,7.64,8.93,7.66,7.92,7.02,7.57,8.18,,20,976,30,19.7,
16.02.17 15:08:38,119.62,8.24,7.36,6.39,6.04,7.35,7.83,9.79,8.84,7.53,8.47,6.76,8.24,6.63,No Sensor,8.54,8.32,8.18,7.64,8.9,7.66,7.87,7.05,7.57,8.15,,20,976,30,19.7,
16.02.17 15:08:53,119.87,8.21,7.35,6.39,6.04,7.36,7.9,9.78,8.8,7.5,8.47,6.86,8.25,6.64,No Sensor,8.54,8.31,8.14,7.64,8.91,7.62,7.92,7.02,7.59,8.15,,20,976,30,19.68,
16.02.17 15:09:08,120.12,8.25,7.32,6.37,6.04,7.35,7.89,9.81,8.81,7.53,8.48,6.79,8.22,6.61,No Sensor,8.55,8.34,8.14,7.65,8.93,7.64,7.9,7.05,7.54,8.14,,20,976,30,19.7,
16.02.17 15:09:23,120.37,8.24,7.37,6.37,6.03,7.33,7.89,9.79,8.84,7.48,8.47,6.87,8.22,6.56,No Sensor,8.49,8.3,8.17,7.66,8.91,7.68,7.87,7.02,7.58,8.13,,20,976,30,19.7,
16.02.17 15:09:38,120.62,8.22,7.33,6.4,6.04,7.33,7.82,9.79,8.8,7.51,8.47,6.91,8.24,6.59,No Sensor,8.51,8.31,8.15,7.64,8.91,7.62,7.92,7.06,7.57,8.08,,20,976,30,19.7,
16.02.17 15:09:53,120.87,8.24,7.36,6.37,6.01,7.35,7.86,9.76,8.77,7.5,8.48,6.88,8.22,6.6,No Sensor,8.57,8.32,8.15,7.65,8.93,7.64,7.92,7,7.55,8.13,,20,976,30,19.7,
16.02.17 15:10:08,121.12,8.24,7.37,6.37,6,7.33,7.87,9.75,8.81,7.48,8.47,6.9,8.22,6.61,No Sensor,8.54,8.28,8.17,7.65,8.91,7.65,7.9,7.02,7.54,8.17,,20,976,30,19.7,
16.02.17 15:10:23,121.37,8.21,7.32,6.36,6.03,7.35,7.83,9.78,8.75,7.48,8.45,6.86,8.24,6.6,No Sensor,8.57,8.3,8.14,7.66,8.93,7.62,7.9,7.03,7.54,8.14,,20,976,30,19.7,
16.02.17 15:10:38,121.62,8.25,7.37,6.35,6.01,7.35,7.82,9.75,8.8,7.51,8.44,6.88,8.24,6.6,No Sensor,8.49,8.32,8.13,7.66,8.9,7.66,7.86,7,7.54,8.14,,20,976,30,19.7,
16.02.17 15:10:53,121.87,8.24,7.37,6.35,6.01,7.35,7.85,9.73,8.82,7.51,8.44,6.91,8.21,6.61,No Sensor,8.48,8.31,8.17,7.66,8.93,7.65,7.89,7.03,7.57,8.11,,20,976,30,19.7,
16.02.17 15:11:08,122.12,8.21,7.37,6.33,5.99,7.3,7.87,9.72,8.77,7.5,8.47,6.88,8.17,6.64,No Sensor,8.51,8.32,8.15,7.65,8.93,7.62,7.9,7.02,7.53,8.1,,20,976,30,19.72,
16.02.17 15:11:23,122.37,8.22,7.36,6.33,5.96,7.3,7.83,9.7,8.77,7.44,8.48,6.88,8.18,6.6,No Sensor,8.51,8.3,8.14,7.62,8.88,7.64,7.85,7,7.51,8.1,,20,976,30,19.72,
16.02.17 15:11:38,122.62,8.21,7.36,6.32,6.01,7.29,7.8,9.69,8.75,7.47,8.45,6.9,8.17,6.61,No Sensor,8.51,8.31,8.15,7.65,8.88,7.64,7.87,6.98,7.54,8.08,,20,976,30,19.72,
16.02.17 15:11:53,122.87,8.22,7.35,6.33,5.99,7.28,7.82,9.7,8.78,7.46,8.45,6.84,8.22,6.61,No Sensor,8.48,8.28,8.13,7.64,8.84,7.65,7.9,6.99,7.54,8.1,,20,976,30,19.72,
16.02.17 15:12:08,123.12,8.21,7.39,6.29,5.97,7.28,7.82,9.72,8.77,7.47,8.44,6.88,8.17,6.6,No Sensor,8.47,8.28,8.13,7.68,8.91,7.65,7.87,6.99,7.5,8.11,,20,976,30,19.72,
16.02.17 15:12:23,123.37,8.22,7.33,6.28,5.96,7.29,7.8,9.7,8.77,7.44,8.45,6.88,8.18,6.61,No Sensor,8.48,8.28,8.14,7.66,8.88,7.61,7.87,7.07,7.5,8.07,,20,976,30,19.72,
16.02.17 15:12:38,123.62,8.2,7.36,6.29,5.96,7.28,7.8,9.7,8.75,7.43,8.47,6.87,8.2,6.61,No Sensor,8.48,8.3,8.11,7.66,8.84,7.64,7.87,6.99,7.5,8.08,,20,976,30,19.72,
16.02.17 15:12:53,123.87,8.17,7.36,6.33,5.92,7.26,7.82,9.7,8.77,7.41,8.41,6.88,8.14,6.6,No Sensor,8.47,8.25,8.08,7.68,8.85,7.62,7.86,6.99,7.51,8.08,,20,976,30,19.73,
16.02.17 15:13:08,124.12,8.21,7.35,6.29,5.95,7.25,7.8,9.73,8.75,7.46,8.44,6.92,8.17,6.6,No Sensor,8.49,8.3,8.14,7.68,8.9,7.62,7.85,7.02,7.51,8.1,,20,976,30,19.73,
16.02.17 15:13:23,124.37,8.2,7.35,6.29,5.96,7.28,7.82,9.72,8.75,7.43,8.42,6.87,8.14,6.59,No Sensor,8.49,8.28,8.1,7.64,8.87,7.62,7.87,7.03,7.46,8.06,,20,976,30,19.72,
16.02.17 15:13:38,124.62,8.2,7.37,6.29,5.92,7.28,7.79,9.72,8.74,7.46,8.42,6.87,8.15,6.61,No Sensor,8.47,8.25,8.1,7.66,8.87,7.64,7.83,7.05,7.48,8.07,,20,976,30,19.73,
16.02.17 15:13:53,124.87,8.18,7.35,6.28,5.92,7.26,7.78,9.69,8.74,7.46,8.44,6.87,8.14,6.57,No Sensor,8.47,8.25,8.1,7.65,8.87,7.61,7.82,6.99,7.47,8.07,,20,976,30,19.73,
16.02.17 15:14:08,125.12,8.17,7.36,6.25,5.94,7.25,7.79,9.67,8.74,7.43,8.41,6.87,8.15,6.57,No Sensor,8.49,8.25,8.08,7.65,8.85,7.61,7.86,6.96,7.43,8.1,,20,976,30,19.73,
16.02.17 15:14:23,125.37,8.18,7.36,6.25,5.92,7.22,7.8,9.67,8.71,7.44,8.38,6.87,8.15,6.59,No Sensor,8.47,8.27,8.11,7.68,8.78,7.62,7.83,7,7.46,8.08,,20,976,30,19.73,
16.02.17 15:14:38,125.62,8.13,7.33,6.23,5.9,7.22,7.78,9.6,8.71,7.43,8.4,6.86,8.11,6.56,No Sensor,8.44,8.25,8.04,7.65,8.8,7.59,7.83,6.96,7.43,8.04,,20,976,30,19.73,
16.02.17 15:14:53,125.87,8.14,7.3,6.25,5.92,7.25,7.79,9.66,8.71,7.4,8.4,6.9,8.11,6.57,No Sensor,8.42,8.24,8.07,7.64,8.82,7.62,7.8,6.99,7.47,8.08,,20,976,30,19.75,
16.02.17 15:15:08,126.12,8.14,7.29,6.23,5.87,7.24,7.79,9.61,8.71,7.44,8.42,6.88,8.15,6.59,No Sensor,8.44,8.25,8.08,7.68,8.81,7.58,7.82,7.02,7.46,8.03,,20,976,30,19.73,
16.02.17 15:15:23,126.37,8.13,7.29,6.23,5.9,7.24,7.78,9.6,8.68,7.4,8.38,6.88,8.13,6.6,No Sensor,8.44,8.21,8.06,7.66,8.77,7.62,7.8,6.99,7.44,8.07,,20,976,30,19.73,
16.02.17 15:15:38,126.62,8.14,7.29,6.21,5.9,7.22,7.76,9.61,8.72,7.46,8.41,6.88,8.11,6.59,No Sensor,8.47,8.25,8.08,7.68,8.84,7.62,7.83,7.03,7.46,8.06,,20,976,30,19.73,
16.02.17 15:15:53,126.87,8.1,7.26,6.17,5.86,7.21,7.75,9.58,8.67,7.4,8.38,6.83,8.08,6.59,No Sensor,8.42,8.21,8.07,7.59,8.81,7.58,7.79,6.98,7.39,8.04,,20,976,30,19.73,
16.02.17 15:16:08,127.12,8.1,7.26,6.16,5.88,7.2,7.71,9.55,8.64,7.4,8.4,6.86,8.08,6.57,No Sensor,8.44,8.21,8.1,7.59,8.78,7.57,7.79,7,7.4,8.03,,20,976,30,19.73,
16.02.17 15:16:23,127.37,8.08,7.29,6.17,5.83,7.18,7.72,9.55,8.64,7.4,8.37,6.87,8.1,6.57,No Sensor,8.42,8.22,8.07,7.65,8.77,7.55,7.75,6.98,7.39,8.03,,20,976,30,19.73,
16.02.17 15:16:38,127.62,8.07,7.28,6.17,5.83,7.15,7.69,9.55,8.68,7.4,8.37,6.84,8.06,6.55,No Sensor,8.41,8.21,8.04,7.62,8.77,7.58,7.78,6.96,7.41,8.01,,20,976,30,19.73,
16.02.17 15:16:53,127.87,8.06,7.29,6.16,5.86,7.18,7.72,9.57,8.67,7.43,8.4,6.88,8.08,6.57,No Sensor,8.4,8.22,8.07,7.62,8.78,7.59,7.76,6.95,7.4,8.01,,20,976,30,19.73,
16.02.17 15:17:08,128.12,8.07,7.26,6.13,5.84,7.17,7.69,9.53,8.65,7.4,8.41,6.83,8.08,6.59,No Sensor,8.41,8.18,8.04,7.61,8.75,7.58,7.76,6.99,7.37,8.03,,20,976,30,19.7,
16.02.17 15:17:23,128.37,8.08,7.28,6.15,5.82,7.18,7.71,9.53,8.65,7.39,8.37,6.87,8.1,6.57,No Sensor,8.42,8.18,8.07,7.61,8.77,7.54,7.76,6.98,7.37,7.99,,20,976,30,19.72,
16.02.17 15:17:38,128.62,8.04,7.28,6.15,5.83,7.14,7.65,9.53,8.65,7.37,8.35,6.86,8.03,6.59,No Sensor,8.38,8.2,8.04,7.59,8.74,7.59,7.72,6.96,7.35,7.99,,20,976,30,19.72,
16.02.17 15:17:53,128.87,8.07,7.26,6.16,5.83,7.15,7.73,9.53,8.61,7.4,8.38,6.87,8.07,6.6,No Sensor,8.44,8.21,8.03,7.59,8.75,7.57,7.76,6.96,7.36,7.99,,20,976,30,19.72,
16.02.17 15:18:08,129.12,8.06,7.26,6.15,5.8,7.13,7.65,9.5,8.64,7.39,8.37,6.87,8.07,6.56,No Sensor,8.42,8.21,8.06,7.64,8.75,7.55,7.73,6.98,7.39,7.96,,20,976,30,19.7,
16.02.17 15:18:23,129.37,8.07,7.28,6.11,5.8,7.13,7.68,9.55,8.62,7.33,8.34,6.92,8.04,6.57,No Sensor,8.37,8.17,8.04,7.59,8.75,7.54,7.72,6.92,7.35,7.96,,20,976,30,19.7,
16.02.17 15:18:38,129.62,8.03,7.25,6.11,5.74,7.1,7.66,9.48,8.62,7.33,8.32,6.95,8.04,6.56,No Sensor,8.4,8.17,8.04,7.65,8.75,7.57,7.72,6.96,7.33,7.97,,20,976,30,19.7,
16.02.17 15:18:53,129.87,8.06,7.26,6.11,5.78,7.1,7.66,9.54,8.62,7.36,8.34,6.8,8.06,6.56,No Sensor,8.37,8.14,8.06,7.61,8.71,7.54,7.75,6.98,7.32,7.94,,20,976,30,19.7,
16.02.17 15:19:08,130.12,8.07,7.28,6.13,5.78,7.11,7.64,9.53,8.62,7.39,8.37,6.79,8.03,6.59,No Sensor,8.38,8.18,8.07,7.59,8.71,7.54,7.72,6.99,7.35,7.99,,20,976,30,19.7,
16.02.17 15:19:23,130.37,8.07,7.29,6.12,5.74,7.13,7.68,9.54,8.61,7.39,8.37,6.86,8.04,6.57,No Sensor,8.35,8.17,8.01,7.61,8.71,7.58,7.73,6.98,7.32,7.99,,20,976,30,19.7,
16.02.17 15:19:38,130.62,8.07,7.28,6.11,5.77,7.11,7.65,9.54,8.59,7.35,8.31,6.98,8.01,6.6,No Sensor,8.32,8.14,8.06,7.64,8.75,7.55,7.72,6.92,7.29,7.96,,20,976,30,19.7,
16.02.17 15:19:53,130.87,8.06,7.26,6.11,5.73,7.1,7.64,9.51,8.57,7.32,8.35,6.87,8,6.59,No Sensor,8.37,8.17,7.99,7.65,8.72,7.5,7.73,6.96,7.33,7.93,,20,976,30,19.7,
16.02.17 15:20:08,131.12,8.07,7.28,6.11,5.74,7.07,7.65,9.5,8.59,7.35,8.32,6.79,8,6.59,No Sensor,8.34,8.14,8.01,7.62,8.72,7.53,7.72,6.95,7.32,7.93,,20,976,30,19.7,
16.02.17 15:20:23,131.37,8.06,7.3,6.09,5.77,7.1,7.64,9.51,8.58,7.33,8.32,6.77,8.01,6.56,No Sensor,8.32,8.1,8,7.64,8.71,7.51,7.69,6.96,7.3,7.93,,20,976,30,19.7,
16.02.17 15:20:38,131.62,8.06,7.28,6.11,5.75,7.13,7.65,9.51,8.61,7.33,8.35,6.8,8,6.59,No Sensor,8.34,8.11,8,7.59,8.7,7.51,7.69,6.96,7.28,7.93,,20,976,30,19.7,
16.02.17 15:20:53,131.87,8.06,7.3,6.08,5.74,7.06,7.62,9.5,8.61,7.3,8.31,6.84,7.96,6.56,No Sensor,8.31,8.14,8,7.62,8.7,7.54,7.69,6.96,7.29,7.93,,20,976,30,19.7,
16.02.17 15:21:08,132.12,8.06,7.3,6.08,5.75,7.05,7.55,9.48,8.57,7.3,8.31,6.94,8,6.57,No Sensor,8.34,8.13,7.99,7.64,8.7,7.54,7.68,6.98,7.3,7.92,,20,976,30,19.7,
16.02.17 15:21:23,132.37,8.04,7.3,6.08,5.74,7.03,7.64,9.22,8.58,7.3,8.28,6.9,8,6.6,No Sensor,8.32,8.1,8,7.62,8.74,7.54,7.69,6.95,7.25,7.94,,20,976,30,19.7,
16.02.17 15:21:38,132.62,8.04,7.3,6.05,5.73,7.09,7.59,9.14,8.58,7.32,8.28,6.9,7.99,6.56,No Sensor,8.31,8.11,8,7.61,8.71,7.48,7.69,6.98,7.26,7.93,,20,976,30,19.7,
16.02.17 15:21:53,132.87,8.04,7.32,6.08,5.69,7.07,7.64,9.17,8.59,7.32,8.32,6.79,7.97,6.57,No Sensor,8.35,8.1,8,7.62,8.65,7.48,7.71,6.95,7.28,7.9,,20,976,30,19.68,
16.02.17 15:22:08,133.12,8.04,7.29,6.07,5.67,7.07,7.59,9.17,8.58,7.32,8.31,6.9,7.96,6.57,No Sensor,8.32,8.11,7.99,7.64,8.72,7.53,7.69,6.94,7.25,7.92,,20,976,30,19.7,
16.02.17 15:22:23,133.37,8.07,7.3,6.07,5.73,7.05,7.62,9.19,8.61,7.33,8.31,6.8,7.97,6.56,No Sensor,8.31,8.07,7.97,7.64,8.68,7.51,7.69,6.99,7.25,7.93,,20,976,30,19.68,
16.02.17 15:22:38,133.62,8.04,7.29,6.07,5.7,7.05,7.58,9.17,8.55,7.29,8.28,6.87,7.99,6.53,No Sensor,8.27,8.11,7.97,7.62,8.65,7.51,7.68,6.96,7.26,7.89,,20,976,30,19.68,
16.02.17 15:22:53,133.87,8.04,7.32,6.05,5.7,7.02,7.61,9.19,8.57,7.29,8.28,6.86,7.97,6.56,No Sensor,8.32,8.1,8,7.62,8.7,7.54,7.69,6.96,7.26,7.92,,20,976,30,19.68,
16.02.17 15:23:08,134.12,8.03,7.3,6.04,5.73,7.02,7.58,9.17,8.58,7.29,8.3,6.86,7.99,6.57,No Sensor,8.34,8.1,7.96,7.62,8.67,7.53,7.68,6.96,7.26,7.9,,20,976,30,19.7,
16.02.17 15:23:23,134.37,8.04,7.29,6.03,5.69,7.05,7.58,9.14,8.57,7.26,8.31,6.84,7.99,6.55,No Sensor,8.28,8.06,7.96,7.62,8.68,7.54,7.68,6.96,7.24,7.89,,20,976,30,19.7,
16.02.17 15:23:38,134.62,8.01,7.28,6.04,5.67,7,7.59,9.13,8.52,7.29,8.27,6.81,7.94,6.57,No Sensor,8.32,8.1,7.96,7.64,8.67,7.48,7.69,6.92,7.2,7.92,,20,976,30,19.7,
16.02.17 15:23:53,134.87,8.01,7.28,6.03,5.66,7.05,7.57,9.14,8.52,7.3,8.27,6.84,7.97,6.56,No Sensor,8.32,8.07,7.93,7.68,8.67,7.54,7.66,6.98,7.24,7.89,,20,976,30,19.68,
16.02.17 15:24:08,135.12,8.01,7.26,6.03,5.69,7.02,7.58,9.13,8.54,7.29,8.3,6.83,7.96,6.56,No Sensor,8.3,8.07,7.94,7.64,8.61,7.47,7.68,6.94,7.21,7.9,,20,976,30,19.68,
16.02.17 15:24:23,135.37,8.03,7.29,6.01,5.65,7.02,7.57,9.11,8.55,7.28,8.27,6.86,7.9,6.56,No Sensor,8.27,8.08,7.94,7.62,8.65,7.51,7.65,6.96,7.22,7.87,,20,976,30,19.7,
16.02.17 15:24:38,135.62,8.03,7.28,6.03,5.67,7,7.55,9.16,8.55,7.28,8.3,6.83,7.93,6.55,No Sensor,8.3,8.06,7.96,7.62,8.61,7.5,7.66,6.95,7.21,7.89,,20,976,30,19.7,
16.02.17 15:24:53,135.87,8.01,7.33,6.01,5.67,7.02,7.57,9.14,8.48,7.26,8.27,6.87,7.94,6.56,No Sensor,8.25,8.07,7.97,7.62,8.65,7.5,7.64,6.96,7.18,7.89,,20,976,30,19.7,
16.02.17 15:25:08,136.12,8.03,7.33,6.01,5.67,6.99,7.54,9.11,8.51,7.28,8.3,6.86,7.92,6.55,No Sensor,8.3,8.06,7.93,7.66,8.59,7.48,7.66,6.96,7.2,7.9,,20,976,30,19.7,
16.02.17 15:25:23,136.37,8.04,7.29,5.97,5.64,7.03,7.57,9.09,8.49,7.28,8.27,6.81,7.93,6.56,No Sensor,8.3,8.07,7.94,7.65,8.59,7.47,7.66,6.94,7.18,7.86,,20,976,30,19.7,
16.02.17 15:25:38,136.62,8.01,7.29,6,5.65,6.98,7.54,9.1,8.47,7.29,8.27,6.84,7.89,6.55,No Sensor,8.28,8.06,7.96,7.64,8.61,7.46,7.68,6.95,7.18,7.87,,20,976,30,19.7,
16.02.17 15:25:53,136.87,7.99,7.32,6.01,5.65,7.02,7.54,9.07,8.49,7.29,8.25,6.86,7.92,6.55,No Sensor,8.25,8.04,7.94,7.65,8.61,7.53,7.64,6.99,7.18,7.87,,20,976,30,19.72,
16.02.17 15:26:08,137.12,8.01,7.29,5.99,5.62,6.95,7.55,9.07,8.51,7.28,8.27,6.88,7.9,6.56,No Sensor,8.3,8.04,7.9,7.64,8.64,7.47,7.66,6.95,7.2,7.87,,20,976,30,19.72,
16.02.17 15:26:23,137.37,8.01,7.28,5.99,5.62,6.96,7.54,9.06,8.54,7.28,8.25,6.87,7.92,6.55,No Sensor,8.25,8.06,7.94,7.59,8.62,7.48,7.66,6.95,7.18,7.86,,20,976,30,19.72,
16.02.17 15:26:38,137.62,8,7.3,5.99,5.62,6.99,7.54,9.1,8.48,7.28,8.25,6.86,7.9,6.55,No Sensor,8.28,8.04,7.93,7.59,8.59,7.47,7.62,6.98,7.15,7.87,,20,976,30,19.72,
16.02.17 15:26:53,137.87,8.01,7.28,5.99,5.64,7,7.54,9.09,8.52,7.29,8.24,6.87,7.9,6.56,No Sensor,8.27,8.01,7.93,7.64,8.61,7.47,7.68,6.96,7.17,7.87,,20,976,30,19.72,
16.02.17 15:27:08,138.12,8,7.32,5.97,5.58,6.95,7.53,9.04,8.48,7.25,8.25,6.86,7.89,6.59,No Sensor,8.28,8.03,7.92,7.64,8.57,7.5,7.66,6.92,7.11,7.86,,20,976,30,19.7,
16.02.17 15:27:24,138.38,8,7.32,5.99,5.6,6.98,7.51,9.09,8.51,7.26,8.27,6.87,7.92,6.55,No Sensor,8.27,8.04,7.92,7.64,8.55,7.48,7.61,6.96,7.13,7.87,,20,976,30,19.72,
16.02.17 15:27:39,138.63,8,7.32,5.97,5.6,6.94,7.54,9.03,8.48,7.25,8.22,6.83,7.87,6.53,No Sensor,8.25,8,7.9,7.62,8.55,7.47,7.65,6.95,7.14,7.83,,20,976,30,19.72,
16.02.17 15:27:54,138.88,8,7.32,5.97,5.6,6.95,7.54,9.06,8.47,7.25,8.25,6.84,7.9,6.55,No Sensor,8.25,8.01,7.92,7.62,8.61,7.48,7.62,6.95,7.14,7.85,,20,976,30,19.72,
16.02.17 15:28:09,139.13,8,7.32,5.99,5.6,6.98,7.51,9.06,8.47,7.26,8.22,6.86,7.85,6.55,No Sensor,8.21,8.01,7.89,7.66,8.61,7.53,7.62,6.95,7.1,7.86,,20,976,30,19.72,
16.02.17 15:28:24,139.38,8.01,7.28,5.95,5.57,6.95,7.51,9.04,8.45,7.28,8.24,6.84,7.86,6.56,No Sensor,8.25,8.01,7.87,7.62,8.61,7.5,7.66,6.95,7.11,7.85,,20,976,30,19.73,
16.02.17 15:28:39,139.63,7.99,7.33,5.96,5.56,6.94,7.51,9.07,8.47,7.26,8.25,6.84,7.85,6.59,No Sensor,8.24,8.01,7.9,7.65,8.57,7.47,7.62,6.96,7.1,7.85,,20,976,30,19.73,
16.02.17 15:28:54,139.88,8.01,7.3,5.94,5.56,6.91,7.53,9.03,8.45,7.26,8.27,6.84,7.87,6.56,No Sensor,8.24,7.99,7.92,7.64,8.55,7.44,7.64,6.95,7.1,7.85,,20,976,30,19.73,
16.02.17 15:29:09,140.13,7.99,7.3,5.92,5.58,6.95,7.5,9.03,8.47,7.26,8.24,6.88,7.86,6.52,No Sensor,8.22,8,7.93,7.65,8.58,7.48,7.59,6.96,7.09,7.83,,20,976,30,19.73,
16.02.17 15:29:24,140.38,8,7.29,5.9,5.53,6.95,7.47,9.03,8.49,7.24,8.21,6.86,7.87,6.57,No Sensor,8.22,8.01,7.87,7.62,8.52,7.44,7.64,6.96,7.07,7.85,,20,976,30,19.75,
16.02.17 15:29:39,140.63,7.97,7.32,5.94,5.54,6.91,7.51,9.01,8.47,7.24,8.21,6.84,7.83,6.55,No Sensor,8.21,7.99,7.9,7.64,8.57,7.48,7.61,6.92,7.07,7.83,,20,976,30,19.73,
16.02.17 15:29:54,140.88,7.97,7.29,5.91,5.56,6.92,7.5,9.01,8.47,7.22,8.21,6.86,7.83,6.55,No Sensor,8.22,7.96,7.9,7.64,8.52,7.48,7.59,6.92,7.07,7.8,,20,976,30,19.75,
16.02.17 15:30:09,141.13,7.99,7.29,5.9,5.56,6.91,7.5,9,8.42,7.18,8.21,6.87,7.86,6.55,No Sensor,8.2,7.96,7.92,7.64,8.55,7.5,7.59,6.94,7.05,7.82,,20,976,30,19.73,
16.02.17 15:30:24,141.38,7.93,7.24,5.86,5.51,6.9,7.5,8.97,8.42,7.2,8.21,6.87,7.8,6.55,No Sensor,8.2,7.97,7.89,7.62,8.54,7.48,7.58,6.92,7.05,7.79,,20,976,30,19.75,