id,well_id,term.x,estimate.x,std.error.x,statistic.x,p.value.x,conf.low.x,conf.high.x,corrected_photosynthesis_slope,temperature.x,term.y,estimate.y,std.error.y,statistic.y,p.value.y,conf.low.y,conf.high.y,corrected_respiration_slope,temperature.y,gross_photosynthesis,biovolume,gross_photosynthesis_corr,respiration_corr,biomassM,biomassMD,biomassR,GP_corr_M,R_corr_M,NP_corr_M,GP_corr_M3q,R_corr_M3q,NP_corr_M3q
1,a1,date_time,1.0314387989879392e-4,5.991492544124894e-6,17.21505603807088,1.8894355726981216e-42,9.133490991938809e-5,1.1495284987819975e-4,1.3088982006996061e-4,12,date_time,-8.191347595597323e-5,1.078901124036441e-6,-75.9230610952691,8.216021970944704e-169,-8.403889124251411e-5,-7.978806066943234e-5,-6.899231832254033e-5,12,1.9988213839250093e-4,106353517.95276,1.8794125689503227e-12,-6.487074395901532e-13,9816068.745078348,193874114.30164757,41551068.79398185,2.0362748426422677e-11,-7.0285080630809764e-12,1.33342403633417e-11,1.1397793741663998e-9,-3.9341194782266887e-10,7.46367426343731e-10
1,a3,date_time,2.5100804372548113e-4,6.015080606263526e-6,41.72978886834958,1.2406201831214237e-105,2.3915258270638593e-4,2.6286350474457633e-4,2.787539838966478e-4,12,date_time,-1.8712538994467993e-4,1.1705302962442822e-6,-159.8637733214451,3.5997386515915446e-244,-1.894313130080364e-4,-1.8481946688132347e-4,-1.7420423231124705e-4,12,4.5295821620789484e-4,106353517.95276,4.258986678833599e-12,-1.637973389734272e-12,9816068.745078348,193874114.30164757,41551068.79398185,4.614456438429105e-11,-1.7746843144165105e-11,2.8397721240125946e-11,2.582884275428246e-9,-9.933573478734634e-10,1.589526927554783e-9
1,a4,date_time,1.0030407115127012e-4,5.279206499201448e-6,18.999838548926334,4.692975616144094e-48,8.989898583988389e-5,1.1070915646265635e-4,1.280500113224368e-4,12,date_time,-1.3098463172650743e-4,1.1989774413322064e-6,-109.2469526206998,2.334675738664048e-205,-1.3334659514025496e-4,-1.286226683127599e-4,-1.1806347409307453e-4,12,2.4611348541551134e-4,106353517.95276,2.3141076116055677e-12,-1.1101040789785237e-12,9816068.745078348,193874114.30164757,41551068.79398185,2.507251037121246e-11,-1.2027572051415192e-11,1.3044938319797266e-11,1.4034024082230205e-9,-6.732283019179668e-10,7.301741063050537e-10
1,a5,date_time,1.9747212399493438e-4,5.812755588369908e-6,33.97220491947645,8.012402546538504e-89,1.8601543674461092e-4,2.0892881124525784e-4,2.2521806416610107e-4,12,date_time,-1.1583738764047184e-4,1.1593401941186915e-6,-99.91664933909173,2.5090534036811056e-196,-1.1812126640932733e-4,-1.1355350887161636e-4,-1.0291623000703894e-4,12,3.2813429417314e-4,106353517.95276,3.0853167858433267e-12,-9.676805430427996e-13,9816068.745078348,193874114.30164757,41551068.79398185,3.342827996571055e-11,-1.0484465082688e-11,2.294381488302255e-11,1.8711061601751725e-9,-5.868548194068599e-10,1.2842513407683126e-9
1,a6,date_time,2.5229962169599453e-4,6.6021700465478e-6,38.21465062505004,2.4942603633471233e-98,2.3928703304559794e-4,2.653122103463911e-4,2.8004556186716123e-4,12,date_time,-1.7773220816001047e-4,1.1467916450712592e-6,-154.98212680906528,5.387454786345952e-241,-1.799913665190201e-4,-1.7547304980100083e-4,-1.6481105052657758e-4,12,4.448566123937388e-4,106353517.95276,4.182810507418615e-12,-1.549653022289147e-12,9816068.745078348,193874114.30164757,41551068.79398185,4.531922340262585e-11,-1.678992423613697e-11,2.8529299166488878e-11,2.5366868462867268e-9,-9.397950088767765e-10,1.5968918374099505e-9
1,b1,date_time,1.3689621747860176e-4,5.075067689395179e-6,26.974264356051645,3.0215596422203812e-71,1.2689348084058536e-4,1.4689895411661817e-4,1.6464215764976846e-4,12,date_time,-1.1472197599089031e-4,1.1679814003598384e-6,-98.22243398357723,1.3350459072961951e-194,-1.1702287777643371e-4,-1.124210742053469e-4,-1.0180081835745741e-4,12,2.6644297600722587e-4,106353517.95276,2.5052577586156977e-12,-9.571927691444602e-13,9816068.745078348,193874114.30164757,41551068.79398185,2.7143552365687842e-11,-1.0370833884848152e-11,1.677271848083969e-11,1.5193263934780002e-9,-5.804944552336414e-10,9.388319382443589e-10
1,b2,date_time,2.897002712035289e-4,5.8725379350105805e-6,49.33135799368948,6.682227649617981e-120,2.781257555604337e-4,3.0127478684662413e-4,3.174462113746956e-4,12,date_time,-0.00015708575415086101,1.2667635824241284e-6,-124.00558109687331,3.136117745157382e-218,-1.5958125501051772e-4,-1.545902532912043e-4,-1.4416459651742813e-4,12,4.6161080789212374e-4,106353517.95276,4.3403435709306915e-12,-1.3555225938220775e-12,9816068.745078348,193874114.30164757,41551068.79398185,4.702603658145421e-11,-1.4686591981103476e-11,3.2339444600350735e-11,2.632223579150333e-9,-8.220636166745676e-10,1.8101599624757653e-9
1,b3,date_time,1.2551731837622232e-4,4.562408712516109e-6,27.511195573489328,1.0992752574556156e-72,1.1652501017870765e-4,1.3450962657373698e-4,1.53263258547389e-4,12,date_time,-1.258094044671963e-4,1.5850788505332411e-6,-79.37107004164012,3.1458363107702834e-173,-1.2893198052559536e-4,-1.2268682840879726e-4,-1.1288824683376341e-4,12,2.661515053811524e-4,106353517.95276,2.5025171757775927e-12,-1.0614434670972145e-12,9816068.745078348,193874114.30164757,41551068.79398185,2.7113859152076272e-11,-1.1500352102807363e-11,1.561350704926891e-11,1.5176643529853098e-9,-6.437178247226326e-10,8.739465282626772e-10
1,b5,date_time,1.0902057991161859e-4,5.659636162556349e-6,19.262824814232598,7.177402633535086e-49,9.78656843583355e-5,1.2017547546490167e-4,1.3676652008278527e-4,12,date_time,-1.1446259642166857e-4,1.4384406740627925e-6,-79.57408218885773,1.750840881486037e-173,-1.1729629798089687e-4,-1.1162889486244026e-4,-1.0154143878823567e-4,12,2.3830795887102093e-4,106353517.95276,2.2407153374735786e-12,-9.54753925801855e-13,9816068.745078348,193874114.30164757,41551068.79398185,2.427733189934163e-11,-1.0344409908411375e-11,1.3932921990930256e-11,1.358893287841045e-9,-5.790154062027641e-10,7.79877881638281e-10
1,b6,date_time,9.955215146495614e-5,4.673008167667324e-6,21.30365449685286,4.3097189407476585e-55,9.034185657447627e-5,1.08762446355436e-4,1.2729809163612282e-4,12,date_time,-8.481928184029007e-5,1.2096744687498166e-6,-70.11744401611595,6.113275201527273e-161,-8.720231820047115e-5,-8.243624548010899e-5,-7.189812420685717e-5,12,1.9919621584298e-4,106353517.95276,1.8729631109283923e-12,-6.760295812574137e-13,9816068.745078348,193874114.30164757,41551068.79398185,2.0292870905458405e-11,-7.324533484232776e-12,1.2968337421225627e-11,1.1358680673307463e-9,-4.0998160051355654e-10,7.258864668171898e-10
1,c3,date_time,7.609333955837493e-5,6.144609922977755e-6,12.38375430046813,5.400188899656177e-27,6.398258191639881e-5,8.820409720035104e-5,1.038392797295416e-4,12,date_time,-9.828757475833954e-5,1.2689650255898912e-6,-77.45491229173126,8.510071389539778e-171,-1.0078741242037112e-4,-9.578773709630796e-5,-8.536641712490665e-5,12,1.8920569685444824e-4,106353517.95276,1.7790262183756767e-12,-8.02666604435451e-13,9816068.745078348,193874114.30164757,41551068.79398185,1.927509900022996e-11,-8.69659935579692e-12,1.0578499644433043e-11,1.0788995579285404e-9,-4.867812715430922e-10,5.921182863854481e-10
1,c4,date_time,2.787574152971393e-4,5.682567700717857e-6,49.05483400785968,2.0477590976515763e-119,2.67557322684236e-4,2.899575079100426e-4,3.06503355468306e-4,12,date_time,-1.744859693262641e-4,1.162395673409535e-6,-150.10892875612868,1.0008014282613585e-237,-1.7677586733288642e-4,-1.721960713196418e-4,-1.6156481169283122e-4,12,4.6806816716113723e-4,106353517.95276,4.401059562214419e-12,-1.5191299244524749e-12,9816068.745078348,193874114.30164757,41551068.79398185,4.768387216071818e-11,-1.645921762455441e-11,3.1224654536163766e-11,2.6690451029022518e-9,-9.212841199295282e-10,1.7477609829727235e-9
1,c5,date_time,5.6004584933002846e-5,5.46749200926108e-6,10.243194656368917,2.440191001021682e-20,4.522839710926657e-5,6.678077275673911e-5,8.375052510416953e-5,12,date_time,-1.2803536070200126e-4,1.098231157686716e-6,-116.58325281144948,5.929820161058489e-212,-1.3019885579779837e-4,-1.2587186560620415e-4,-1.1511420306856836e-4,12,1.9886472817273789e-4,106353517.95276,1.8698462636757294e-12,-1.0823732518157008e-12,9816068.745078348,193874114.30164757,41551068.79398185,2.0259101004406285e-11,-1.1727118672257177e-11,8.531982332149109e-12,1.133977839357547e-9,-6.564107998160138e-10,4.775670395415332e-10
1,c6,date_time,7.19379734208444e-5,5.983135263274776e-6,12.023457644758356,7.450655912221985e-26,6.014547527678539e-5,8.373047156490342e-5,9.968391359201108e-5,12,date_time,-1.0530402491222565e-4,1.2801002318219677e-6,-82.26232781971014,8.492952047279538e-177,-1.0782579872486193e-4,-1.0278225109958937e-4,-9.238286727879275e-5,12,1.9206678087080385e-4,106353517.95276,1.805927858033957e-12,-8.686395058396403e-13,9816068.745078348,193874114.30164757,41551068.79398185,1.956656843577055e-11,-9.411391635282948e-12,1.0155176800487602e-11,1.0952141950233056e-9,-5.267908753505231e-10,5.684233196727823e-10
1,d1,date_time,2.512594220910005e-4,6.947976810352918e-6,36.16296210381824,7.847708675528622e-94,2.3756526342071723e-4,2.6495358076128375e-4,2.790053622621672e-4,12,date_time,-1.6318680732765116e-4,1.578176632146475e-6,-103.4021186245174,8.606036023971077e-200,-1.662957861433155e-4,-1.6007782851198683e-4,-1.5026564969421828e-4,12,4.292710119563855e-4,106353517.95276,4.036265280355452e-12,-1.4128883800624547e-12,9816068.745078348,193874114.30164757,41551068.79398185,4.373145941664442e-11,-1.5308129312924745e-11,2.8423330103719673e-11,2.4478137430902253e-9,-8.568533914264406e-10,1.5909603516637846e-9
1,d2,date_time,2.6308834470531917e-4,6.219145143085714e-6,42.30297551389583,8.873083436196112e-107,2.508306814016601e-4,2.7534600800897824e-4,2.9083428487648586e-4,12,date_time,-1.709129334639676e-4,1.6157994364207834e-6,-105.77608186481554,4.348627889185244e-202,-1.740960285091414e-4,-1.6772983841879376e-4,-1.579917758305347e-4,12,4.4882606070702056e-4,106353517.95276,4.220133657509851e-12,-1.4855340836088876e-12,9816068.745078348,193874114.30164757,41551068.79398185,4.572360609557225e-11,-1.6095218965306227e-11,2.962838713026602e-11,2.5593216617368896e-9,-9.009097502547079e-10,1.6584119114821818e-9
1,d4,date_time,6.109507894940785e-5,5.891320074449627e-6,10.370354721410282,1.0041510081466734e-20,4.9483544530247885e-5,7.270661336856783e-5,8.884101912057453e-5,12,date_time,-1.3156519915327158e-4,1.2765196848055474e-6,-103.06554667295471,1.8384965786761982e-199,-1.340799193544199e-4,-1.2905047895212326e-4,-1.1864404151983869e-4,12,2.0748506064041322e-4,106353517.95276,1.9508998351382576e-12,-1.1155629245149923e-12,9816068.745078348,193874114.30164757,41551068.79398185,2.1137286833330663e-11,-1.2086716648080251e-11,9.050570185250413e-12,1.1831331927279405e-9,-6.765388467403323e-10,5.065943459876082e-10
1,d5,date_time,2.124538648844384e-5,6.097866420128218e-6,3.4840688569883627,5.97318753474308e-4,9.22675824791774e-6,3.326401472896994e-5,4.899132665961053e-5,12,date_time,-1.4637457856825838e-4,1.3693499699962461e-6,-106.89347630296413,3.75391569093833e-203,-1.4907217271661338e-4,-1.436769844199034e-4,-1.334534209348255e-4,12,1.8244474759443604e-4,106353517.95276,1.715455690666238e-12,-1.2548096527855592e-12,9816068.745078348,193874114.30164757,41551068.79398185,1.8586335561872617e-11,-1.3595404066596146e-11,4.9909314952764724e-12,1.0403468859473374e-9,-7.60985737979113e-10,2.793611479682243e-10
1,d6,date_time,8.734193010797342e-5,5.287523489366194e-6,16.518494959621055,3.102551382919895e-40,7.692045237242056e-5,9.776340784352628e-5,1.150878702791401e-4,12,date_time,-1.0320928940857333e-4,1.1041973835162633e-6,-93.46996374860835,1.3263152822785484e-189,-1.0538453785905565e-4,-1.01034040958091e-4,-9.028813177514043e-5,12,2.0537600205428053e-4,106353517.95276,1.931069192704131e-12,-8.489435376763421e-13,9816068.745078348,193874114.30164757,41551068.79398185,2.092242906889313e-11,-9.197993017358375e-12,1.1724436051534755e-11,1.1711067981000111e-9,-5.148461546236082e-10,6.56260643476403e-10
2,a1,date_time,-1.7617496539541107e-4,2.1685527624464e-5,-8.124080190544387,1.3780947620428999e-12,-2.192091892000045e-4,-1.3314074159081763e-4,-1.028924794845862e-4,16,date_time,-1.3725534256371876e-4,6.446688254023879e-6,-21.290829826934324,3.1655973831425124e-42,-1.5002154041287617e-4,-1.2448914471456136e-4,-1.0146770929963125e-4,16,-1.424770184954948e-6,95432792.03316,-1.492956618580207e-14,-1.063237354141062e-12,8816715.94952243,172315690.42003918,37324887.86089428,-1.6159873961144487e-13,-1.1508560543467138e-11,-1.1670159283078583e-11,-8.80571613997248e-12,-6.27115765686836e-10,-6.359214818268085e-10
2,a3,date_time,4.705145110045902e-5,2.0190283620672786e-5,2.3304007008739167,0.021835410959267575,6.984490357938207e-6,8.711841184297985e-5,1.203339370112839e-4,16,date_time,-2.548168445816365e-4,5.220241576924427e-6,-48.81322843525666,4.270511103385414e-80,-2.6515434411092083e-4,-2.4447934505235217e-4,-2.19029211317549e-4,16,3.393631483288329e-4,95432792.03316,3.5560433798365083e-12,-2.2951147781722973e-12,8816715.94952243,172315690.42003918,37324887.86089428,3.849087917448616e-11,-2.484249380058717e-11,1.3648385373898992e-11,2.0974158387835487e-9,-1.35369835892893e-9,7.437174798546186e-10
2,a4,date_time,1.3101499805964064e-5,1.9069104246914395e-5,0.6870537617457328,0.49367151443003965,-2.4740516958667023e-5,5.0943516570595154e-5,8.638398571678894e-5,16,date_time,-3.6973771326384114e-4,4.378047365571442e-6,-84.45265260751269,2.2325074713097547e-107,-3.784074389678848e-4,-3.6106798755979747e-4,-3.3395007999975363e-4,16,4.203340657165426e-4,95432792.03316,4.404503491530346e-12,-3.4993221185828464e-12,8816715.94952243,172315690.42003918,37324887.86089428,4.7674674802164925e-11,-3.787692400568292e-11,9.797750796482001e-12,2.5978522752267203e-9,-2.0639606586741656e-9,5.338916165525546e-10
2,a5,date_time,4.564582872580407e-5,1.7342788302913148e-5,2.631977507223376,0.009862517832735947,1.122962976824255e-5,8.00620276833656e-5,1.1892831463662895e-4,16,date_time,-1.0848073042905756e-4,4.636609003414419e-6,-23.396566402121007,3.853637840562891e-46,-1.1766247856924826e-4,-9.929898228886686e-5,-7.269309716497004e-5,16,1.91621411801599e-4,95432792.03316,2.0079200002344724e-12,-7.617203229232924e-13,8816715.94952243,172315690.42003918,37324887.86089428,2.173387607116666e-11,-8.244917674693554e-12,1.3488958396473107e-11,1.1843059157775722e-9,-4.492758100425889e-10,7.350301057349834e-10
2,a6,date_time,2.090930046338874e-4,1.7825380203705978e-5,11.730072640493582,2.253907223323423e-20,1.737191177553931e-4,2.4446689151238165e-4,2.8237549054471224e-4,16,date_time,-1.56037721525608e-4,4.499605080126112e-6,-34.678092576345534,1.0026798302205038e-63,-1.6494816459846934e-4,-1.4712727845274664e-4,-1.2025008826152047e-4,16,4.026255788062327e-4,95432792.03316,4.218943721842829e-12,-1.2600499859601426e-12,8816715.94952243,172315690.42003918,37324887.86089428,4.5666161994029246e-11,-1.3638875171886874e-11,3.2027286822142374e-11,2.4884059163351367e-9,-7.431992571286625e-10,1.7452066592064743e-9
2,b1,date_time,2.3814000888446632e-4,2.0942851099655776e-5,11.370945042357699,1.322342338100486e-19,1.9657960247258227e-4,2.797004152963504e-4,3.114224947952912e-4,16,date_time,-1.3395644622765944e-4,6.711924360962311e-6,-19.95797911650686,1.25640844712452e-39,-1.4724788377889223e-4,-1.2066500867642667e-4,-9.816881296357192e-5,16,4.0959130775886316e-4,95432792.03316,4.291934659278779e-12,-1.0286696100168717e-12,8816715.94952243,172315690.42003918,37324887.86089428,4.645622135315012e-11,-1.1134396698907984e-11,3.5321824654242136e-11,2.5314572326193776e-9,-6.067271128238817e-10,1.9247301197954957e-9
2,b2,date_time,1.4618516075557903e-4,2.264123994036439e-5,6.456588117109381,4.125420913894351e-9,1.0125435696420833e-4,1.9111596454694972e-4,2.194676466664039e-4,16,date_time,-1.9223435093272838e-4,7.054219525257076e-6,-27.250973724938454,9.634385866517263e-53,-2.062036260988744e-4,-1.7826507576658237e-4,-1.5644671766864085e-4,16,3.7591436433504475e-4,95432792.03316,3.939048164958078e-12,-1.6393392075784639e-12,8816715.94952243,172315690.42003918,37324887.86089428,4.263655157852813e-11,-1.7744330039022637e-11,2.4892221539505497e-11,2.3233186799015338e-9,-9.669105946823471e-10,1.3564080852191867e-9
2,b3,date_time,1.3391555570519832e-4,1.603579823594401e-5,8.351037705440103,4.495670909457861e-13,1.0209303599890291e-4,1.6573807541149375e-4,2.071980416160232e-4,16,date_time,-1.9313109605565478e-4,4.062014123816884e-6,-47.545648579424075,8.206082040941594e-79,-2.0117498990120415e-4,-1.8508720221010542e-4,-1.5734346279156728e-4,16,3.645415044075905e-4,95432792.03316,3.8198767597716666e-12,-1.6487358217172898e-12,8816715.94952243,172315690.42003918,37324887.86089428,4.134663138686422e-11,-1.7846039692374348e-11,2.350059169448987e-11,2.2530293256756124e-9,-9.724528800879366e-10,1.2805764455876756e-9
2,b4,date_time,-3.218211689999551e-5,1.8659809871836076e-5,-1.7246754988950417,0.08773859379166933,-6.921190229797028e-5,4.8476684979792655e-6,4.110036901082937e-5,16,date_time,-1.0627684112835158e-4,3.862172332580085e-6,-27.51737415542885,3.568616768653597e-53,-1.1392499382046971e-4,-9.862868843623344e-5,-7.048920786426406e-5,16,1.1158957687509342e-4,95432792.03316,1.1693001378008455e-12,-7.386266959450499e-13,8816715.94952243,172315690.42003918,37324887.86089428,1.265659203653236e-11,-7.994950531221571e-12,4.661641505310787e-12,6.896734284012124e-10,-4.356547897609545e-10,2.540186386402579e-10
2,b6,date_time,7.298790219098907e-5,1.6585268623499026e-5,4.400766960601128,2.748391598841923e-5,4.007497638337458e-5,1.0590082799860356e-4,1.4627038810181394e-4,16,date_time,-1.8163050733676655e-4,4.03873998586222e-6,-44.97207247125881,4.1492844665913565e-76,-1.8962831205279854e-4,-1.7363270262073455e-4,-1.45842874072679e-4,16,2.9211326217449293e-4,95432792.03316,3.0609317400353584e-12,-1.5282260003668659e-12,8816715.94952243,172315690.42003918,37324887.86089428,3.31317538011776e-11,-1.6541632384173473e-11,1.6590121417004126e-11,1.8053904374137909e-9,-9.01374104878795e-10,9.040163325349957e-10
2,c3,date_time,2.0717201648087923e-4,2.1449535659686062e-5,9.65857815142612,6.669045348946575e-16,1.6460611104991314e-4,2.4973792191184535e-4,2.804545023917041e-4,16,date_time,-1.8492613363682757e-4,5.08780827036827e-6,-36.346914783296675,6.266668986414587e-66,-1.9500137916425927e-4,-1.7485088810939586e-4,-1.4913850037274004e-4,16,4.2959300276444414e-4,95432792.03316,4.5015239899422995e-12,-1.5627594791622456e-12,8816715.94952243,172315690.42003918,37324887.86089428,4.872483192426242e-11,-1.6915425338254018e-11,3.18094065860084e-11,2.655076641838711e-9,-9.217425474586647e-10,1.7333340943800461e-9
2,c4,date_time,1.912034203208471e-4,1.765058683520515e-5,10.832694805335336,1.9043399743437883e-18,1.561764051934066e-4,2.2623043544828757e-4,2.6448590623167197e-4,16,date_time,-2.5285738503888245e-4,4.60212090047274e-6,-54.94366412949047,6.630227903883664e-86,-2.6197083734588766e-4,-2.437439327318772e-4,-2.1706975177479494e-4,16,4.815556580064669e-4,95432792.03316,5.046018750443149e-12,-2.2745824275933348e-12,8816715.94952243,172315690.42003918,37324887.86089428,5.461848388486997e-11,-2.4620250104184523e-11,2.999823378068545e-11,2.97622906120589e-9,-1.3415880237299954e-9,1.6346410374758945e-9
2,c5,date_time,-1.8258008204274395e-5,2.2221231254509204e-5,-0.821647009346947,0.4132722934925658,-6.235531842795459e-5,2.58393020194058e-5,5.5024477706550485e-5,16,date_time,-2.645451277879632e-4,3.929837905728998e-6,-67.31705839630278,5.422012024423535e-96,-2.723272767368193e-4,-2.567629788391071e-4,-2.2875749452387569e-4,16,2.8378197223042614e-4,95432792.03316,2.9736316645940795e-12,-2.3970533571352435e-12,8816715.94952243,172315690.42003918,37324887.86089428,3.218681126341579e-11,-2.5945884593941882e-11,6.2409266694739055e-12,1.7538993442522794e-9,-1.413823494441141e-9,3.400758498111384e-10
2,d1,date_time,2.3676755072928027e-4,2.417427345352559e-5,9.794195105158371,3.3854858918382203e-16,1.887944918243704e-4,2.8474060963419015e-4,3.1005003664010515e-4,16,date_time,-3.005112616625226e-4,5.151182547554917e-6,-58.33830560036444,7.202667557235666e-89,-3.1071200551238475e-4,-2.9031051781266043e-4,-2.647236283984351e-4,16,5.747736650385403e-4,95432792.03316,6.0228109520134735e-12,-2.7739273132284724e-12,8816715.94952243,172315690.42003918,37324887.86089428,6.519135563958752e-11,-3.002519644661732e-11,3.51661591929702e-11,3.552357982014512e-9,-1.6361102666489919e-9,1.91624771536552e-9
2,d2,date_time,1.510860551790787e-4,1.9983171171908602e-5,7.560664615207237,2.1690324632005106e-11,1.1143010235055398e-4,1.9074200800760343e-4,2.2436854108990359e-4,16,date_time,-1.356809604196174e-4,4.952317754935513e-6,-27.397466627499185,5.575202709645412e-53,-1.4548789783929794e-4,-1.2587402299993686e-4,-9.989332715552988e-5,16,3.2426186824543345e-4,95432792.03316,3.3978034314741866e-12,-1.046740067301185e-12,8816715.94952243,172315690.42003918,37324887.86089428,3.6778078153124305e-11,-1.1329992678389593e-11,2.5448085474734708e-11,2.0040831826339255e-9,-6.173853808127054e-10,1.38669780182122e-9
2,d3,date_time,1.086104178209251e-4,2.0729814981592833e-5,5.23933368037131,9.241682854636685e-7,6.747277465197178e-5,1.497480609898784e-4,1.8189290373174998e-4,16,date_time,-1.300649287942353e-4,5.125092155272242e-6,-25.37806635543831,1.273768046794437e-49,-1.4021400656428744e-4,-1.1991585102418318e-4,-9.427729553014779e-5,16,2.761701992618978e-4,95432792.03316,2.893871104241999e-12,-9.878920392205364e-13,8816715.94952243,172315690.42003918,37324887.86089428,3.132347700016999e-11,-1.069301722658474e-11,2.0630459773585252e-11,1.706855187383643e-9,-5.826757968752884e-10,1.1241793905083545e-9
2,d5,date_time,3.3400963937273926e-5,2.2502419589487798e-5,1.4843276654959132,0.14093139536811083,-1.1254355385758708e-5,7.805628326030655e-5,1.066834498480988e-4,16,date_time,-2.3891379140551398e-4,4.509423140058555e-6,-52.98100976224016,4.1076289489486485e-84,-2.4784367691000123e-4,-2.299839059010267e-4,-2.0312615814142647e-4,16,3.098096079895253e-4,95432792.03316,3.2463642883032897e-12,-2.1284733875421596e-12,8816715.94952243,172315690.42003918,37324887.86089428,3.513888955516442e-11,-2.3038754940543263e-11,1.2100134614621158e-11,1.9147617589135397e-9,-1.2554103869411876e-9,6.593513719723521e-10
2,d6,date_time,-5.5356261325626215e-5,1.97522757891337e-5,-2.8025257401518915,0.006111658381554477,-9.455400978163788e-5,-1.615851286961455e-5,1.792622458519866e-5,16,date_time,-1.7787531340195884e-4,4.110446510033056e-6,-43.27396378174214,3.0105111870004065e-74,-1.8601511655789817e-4,-1.6973551024601952e-4,-1.420876801378713e-4,16,1.6001390472306998e-4,95432792.03316,1.6767182570480594e-12,-1.4888769060481868e-12,8816715.94952243,172315690.42003918,37324887.86089428,1.8148923662640774e-11,-1.6115714847949443e-11,2.033208814691332e-12,9.889574040212726e-10,-8.78165329042776e-10,1.1079207497849661e-10
3,a1,date_time,1.8483675580323214e-4,4.514577167934696e-6,40.942207637086476,1.369767978721372e-98,1.7593393072302415e-4,1.9373958088344013e-4,2.1497121436958914e-4,19,date_time,-1.3492367482989396e-4,1.7149231962127454e-6,-78.67622009420646,2.5055755206168e-151,-1.3830553334597242e-4,-1.315418163138155e-4,-1.2194225426422756e-4,19,3.369134686338167e-4,121017255.47423999,2.7840118114852875e-12,-1.0076435280767417e-12,11156505.186696418,223126762.93592262,47218989.0170628,3.0198835835757005e-11,-1.0930148126461473e-11,1.9268687709295533e-11,1.745308662228461e-9,-6.316959470989222e-10,1.1136127151295388e-9
3,a3,date_time,2.005043308036098e-4,3.6105196801243997e-6,55.53337152747536,1.094338645002038e-122,1.933843228903325e-4,2.076243387168871e-4,2.3063878936996682e-4,19,date_time,-2.2056253569867514e-4,1.6949715802409257e-6,-130.12757161823566,9.560026650681289e-194,-2.2390504927934608e-4,-2.172200221180042e-4,-2.0758111513300873e-4,19,4.3821990450297556e-4,121017255.47423999,3.621135703215944e-12,-1.715301791629169e-12,11156505.186696418,223126762.93592262,47218989.0170628,3.9279317059389816e-11,-1.8606285002272842e-11,2.0673032057116974e-11,2.270105135278064e-9,-1.0753298757267892e-9,1.1947752595512748e-9
3,a4,date_time,1.9593223067585668e-4,3.970193519692439e-6,49.35080108917085,3.2128069464421796e-113,1.8810293966463072e-4,2.0376152168708264e-4,2.2606668924221368e-4,19,date_time,-2.7043051096271815e-4,1.9056756199634938e-6,-141.90794494600223,4.045891144967367e-201,-2.741885365923727e-4,-2.666724853330636e-4,-2.5744909039705175e-4,19,4.8351577963926543e-4,121017255.47423999,3.995428401879332e-12,-2.1273750539802398e-12,11156505.186696418,223126762.93592262,47218989.0170628,4.333935865649345e-11,-2.3076141326411707e-11,2.026321733008174e-11,2.504750795361511e-9,-1.3336603293861686e-09,1.1710904659753421e-9
3,a6,date_time,2.0615934448386174e-4,4.354239969195316e-6,47.34680356212911,6.22938847486803e-110,1.9757270716191512e-4,2.1474598180580836e-4,2.3629380305021877e-4,19,date_time,-2.093812359347111e-4,1.954902749976288e-6,-107.10570433094476,3.0756215950626162e-177,-2.1323633832513462e-4,-2.055261335442876e-4,-1.963998153690447e-4,19,4.3269361841926344e-4,121017255.47423999,3.5754704295980964e-12,-1.6229075316523834e-12,11156505.186696418,223126762.93592262,47218989.0170628,3.878397501533269e-11,-1.760406256999206e-11,2.117991244534063e-11,2.2414773840309383e-9,-1.0174075272610185e-9,1.2240698567699196e-9
3,b2,date_time,1.386932172027817e-4,4.532716246634832e-6,30.59825712799692,5.5952137124781055e-77,1.297546215423452e-4,1.476318128632182e-4,1.688276757691387e-4,19,date_time,-1.834063758902479e-4,1.7701173440350477e-6,-103.6125523024176,1.9473310190910313e-174,-1.8689707823050622e-4,-1.799156735499896e-4,-1.704249553245815e-4,19,3.392526310937202e-4,121017255.47423999,2.803340976162976e-12,-1.4082698757026311e-12,11156505.186696418,223126762.93592262,47218989.0170628,3.040850386537374e-11,-1.5275837054044923e-11,1.513266681132882e-11,1.7574261965027187e-9,-8.828502819849439e-10,8.745759145177747e-10
3,b3,date_time,1.8505043884566591e-4,3.6379493395291147e-6,50.866689328229704,1.2433095306527773e-115,1.7787633916463143e-4,1.922245385267004e-4,2.1518489741202294e-4,19,date_time,-1.75067821179133e-4,1.7019329484670688e-6,-102.86411185400493,7.971273912855228e-174,-1.7842406269961554e-4,-1.7171157965865043e-4,-1.620864006134666e-4,19,3.7727129802548953e-4,121017255.47423999,3.117500033751768e-12,-1.3393660265908829e-12,11156505.186696418,223126762.93592262,47218989.0170628,3.3816261608103494e-11,-1.452842067484956e-11,1.928784093325393e-11,1.9543738251964075e-9,-8.396541704528385e-10,1.114719654743569e-9
3,b4,date_time,-7.107596471435972e-6,3.4312207757909356e-6,-2.071448308305836,0.03961314787559236,-1.387402381161077e-5,-3.4116913126117345e-7,2.302686209492104e-5,19,date_time,-7.711082530110422e-5,1.6303662167621536e-6,-47.29662851714594,7.555286368157543e-110,-8.032593597583305e-5,-7.389571462637538e-5,-6.412940473543781e-5,19,8.715626683035885e-5,121017255.47423999,7.20197020572088e-13,-5.299195101072883e-13,11156505.186696418,223126762.93592262,47218989.0170628,7.812147744464674e-12,-5.748162499122841e-12,2.0639852453418334e-12,4.5149452790755056e-10,-3.32208759840242e-10,1.1928576806730859e-10
3,b5,date_time,2.088873794397468e-4,5.328358196534831e-6,39.202953655704235,2.893894540150908e-95,1.9837976394800774e-4,2.1939499493148584e-4,2.3902183800610381e-4,19,date_time,-1.8514651299335184e-4,3.2681459621141192e-6,-56.65184943991396,2.663700944879168e-124,-1.9159135395076105e-4,-1.7870167203594262e-4,-1.7216509242768544e-4,19,4.111869304337893e-4,121017255.47423999,3.3977545501460777e-12,-1.4226491234907644e-12,11156505.186696418,223126762.93592262,47218989.0170628,3.68562487582679e-11,-1.5431812162197873e-11,2.1424436596070027e-11,2.130066555045381e-9,-8.918646926341463e-10,1.238201862411235e-9
3,c1,date_time,1.8791278480625285e-4,3.784797119332346e-6,49.64936795328185,1.063666485291861e-113,1.8044909873686494e-4,1.9537647087564076e-4,2.1804724337260985e-4,19,date_time,-1.3063772862062132e-4,1.5095850285257904e-6,-86.53883428361614,2.746373368413152e-159,-1.336146566811542e-4,-1.2766080056008844e-4,-1.1765630805495492e-4,19,3.3570355142756476e-4,121017255.47423999,2.7740139215024866e-12,-9.722275356013135e-13,11156505.186696418,223126762.93592262,47218989.0170628,3.009038635395201e-11,-1.054598246368892e-11,1.9544403890263093e-11,1.7390409431336632e-9,-6.094935131172195e-10,1.1295474300164438e-9
3,c3,date_time,1.1045010408513919e-4,4.283223471620578e-6,25.786677911379176,3.282099674086051e-65,1.0200351253762468e-4,1.188966956326537e-4,1.4058456265149622e-4,19,date_time,-4.725110044372279e-5,1.491618586444439e-6,-31.67773643552868,1.8607487498649816e-79,-5.0192598366456715e-5,-4.4309602520988863e-5,-3.426967987805638e-5,19,1.748542425295526e-4,121017255.47423999,1.4448703355925343e-12,-2.83180111330083e-13,11156505.186696418,223126762.93592262,47218989.0170628,1.5672850915540976e-11,-3.071721771699733e-12,1.2601129143841242e-11,9.057952635485505e-10,-1.775267975646754e-10,7.282684659838752e-10
3,c4,date_time,2.486142429082344e-4,4.639387394813696e-6,53.58773082544404,8.232209172442589e-120,2.3946528987920832e-4,2.577631959372605e-4,2.787487014745914e-4,19,date_time,-2.004868285759646e-4,1.4482681260211633e-6,-138.43212107882496,5.227184449608344e-199,-2.033428386330716e-4,-1.9763081851885764e-4,-1.875054080102982e-4,19,4.662541094848896e-4,121017255.47423999,3.852790312073616e-12,-1.5494105140255065e-12,11156505.186696418,223126762.93592262,47218989.0170628,4.179212949597107e-11,-1.6806823003487613e-11,2.4985306492483462e-11,2.415330379587908e-9,-9.713319391536137e-10,1.443998440434294e-9
3,c5,date_time,2.9620956566049573e-4,4.332768762581376e-6,68.36496058100735,1.1242397609791261e-139,2.8766526993326204e-4,3.0475386138772943e-4,3.2634402422685273e-4,19,date_time,-2.3320358480247248e-4,1.4968462880586335e-6,-155.79661496500808,4.455209783822738e-209,-2.361553918441585e-4,-2.3025177776078644e-4,-2.2022216423680607e-4,19,5.465661884636588e-4,121017255.47423999,4.516431861900902e-12,-1.819758375562261e-12,11156505.186696418,223126762.93592262,47218989.0170628,4.8990806647534397e-11,-1.9739350320870207e-11,2.9251456326664186e-11,2.8313700460684692e-09,-1.1408141455898386e-9,1.6905559004786306e-9
3,d1,date_time,3.578378387948374e-5,4.280999641666282e-6,8.358744890143395,1.1079482333951053e-14,2.734157776350684e-5,4.422598999546064e-5,6.591824244584076e-5,19,date_time,-5.926982143480271e-5,1.4002858418905465e-6,-42.32694472921447,3.700560053075525e-101,-6.20312095889776e-5,-5.6508433280627815e-5,-4.62884008691363e-5,19,1.1220664331497706e-4,121017255.47423999,9.271954059383012e-13,-3.8249422107402985e-13,11156505.186696418,223126762.93592262,47218989.0170628,1.0057508282143582e-11,-4.149005454175106e-12,5.908502827968477e-12,5.812626824665695e-10,-2.3978722882525394e-10,3.414754536413156e-10
3,d2,date_time,3.3810246162000693e-4,4.063842735865595e-6,83.19772284396517,5.42368762217044e-156,3.3008849271770185e-4,3.46116430522312e-4,3.6823692018636393e-4,19,date_time,-2.687984110439439e-4,1.482906089900692e-6,-181.2646214582239,5.246911279406391e-222,-2.71722727771218e-4,-2.658740943166698e-4,-2.558169904782775e-4,19,6.240539106646414e-4,121017255.47423999,5.156734948409725e-12,-2.1138885481726304e-12,11156505.186696418,223126762.93592262,47218989.0170628,5.5936325957056416e-11,-2.2929850002071137e-11,3.300647595498528e-11,3.232778732168569e-9,-1.3252055824227723e-9,1.9075731497457967e-9
3,d3,date_time,-1.5072764766598298e-5,4.468467688834471e-6,-3.3731394778261876,8.938906491015037e-4,-2.3884661148126708e-5,-6.260868385069886e-6,1.5061693799758715e-5,19,date_time,-9.70835677952983e-5,1.6035251174207972e-6,-60.54383978185084,1.0531240127208082e-129,-1.0024574735300164e-4,-9.392138823759497e-5,-8.41021472296319e-5,19,9.916384102939062e-5,121017255.47423999,8.194190212031281e-13,-6.949599617017763e-13,11156505.186696418,223126762.93592262,47218989.0170628,8.888432297565605e-12,-7.538395386569584e-12,1.3500369109960207e-12,5.136972155795555e-10,-4.3567331002556693e-10,7.802390555398853e-11
3,d5,date_time,1.9369917512560993e-4,6.03495811780803e-6,32.096192110105946,2.1097810016887968e-80,1.8179813223928235e-4,2.056002180119375e-4,2.2383363369196695e-4,19,date_time,-2.04626319203142e-4,1.754428707880725e-6,-116.63416033035725,1.8759931756889046e-184,-2.0808608327870054e-4,-2.0116655512758343e-4,-1.916448986374756e-4,19,4.154785323294425e-4,121017255.47423999,3.4332172771665793e-12,-1.5836163023732559e-12,11156505.186696418,223126762.93592262,47218989.0170628,3.724092136172537e-11,-1.7177861295309814e-11,2.0063060066415558e-11,2.152298287109084e-9,-9.927756911001366e-10,1.1595225960089476e-9
3,d6,date_time,2.9585970344605806e-4,4.694720515074514e-6,63.01966272455779,5.562674905222475e-133,2.866016325367744e-4,3.051177743553417e-4,3.2599416201241506e-4,19,date_time,-2.3764210692342648e-4,1.408622512671285e-6,-168.70531656686822,7.158716828544402e-216,-2.4041993513808797e-4,-2.34864278708765e-4,-2.2466068635776008e-4,19,5.506548483701751e-4,121017255.47423999,4.550217621547274e-12,-1.856435146189395e-12,11156505.186696418,223126762.93592262,47218989.0170628,4.935728878850017e-11,-2.013719194301607e-11,2.9220096845484104e-11,2.852550480263295e-9,-1.1638069666741546e-9,1.6887435135891406e-9
4,a1,date_time,2.224509898455132e-4,2.2040952979073844e-5,10.092621224532033,5.206586382305468e-15,1.784448073676934e-4,2.66457172323333e-4,2.6543079958551e-4,20,date_time,-2.0809733435378917e-4,2.314285554873222e-6,-89.91860745775121,4.416791719555874e-166,-2.1266032066945308e-4,-2.0353434803812526e-4,-1.6374496970653535e-4,20,4.2917576929204533e-4,95432792.03316,4.497151976261155e-12,-1.7158145142566817e-12,8816715.94952243,172315690.42003918,37324887.86089428,4.8677508921594804e-11,-1.8572104471098995e-11,3.010540445049581e-11,2.6524979526151185e-9,-1.0120170521604046e-9,1.640480900454714e-9
4,a3,date_time,2.0760525109702403e-4,2.7491095105837473e-5,7.551727215586295,1.679274037172547e-10,1.527175087706749e-4,2.6249299342337315e-4,2.505850608370208e-4,20,date_time,-3.7658296641669746e-4,2.243914575839037e-6,-167.82410991554207,1.3817749236857043e-220,-3.810072050252443e-4,-3.7215872780815064e-4,-3.322306017694436e-4,20,5.828156626064645e-4,95432792.03316,6.107079654590359e-12,-3.4813044310178365e-12,8816715.94952243,172315690.42003918,37324887.86089428,6.61034863710261e-11,-3.7681899209584875e-11,2.8421587161441227e-11,3.6020611190742814e-9,-2.0533335151777206e-9,1.548727603896561e-9
4,a4,date_time,1.6282439817311378e-4,2.8951336625590204e-5,5.624071878919492,4.0877245059271233e-7,1.0502118958534949e-4,2.2062760676087807e-4,2.0580420791311058e-4,20,date_time,-4.2139952570568247e-4,1.92335684348875e-6,-219.09586207690495,4.4931812619366274e-244,-4.251917331705294e-4,-4.1760731824083555e-4,-3.770471610584287e-4,20,5.828513689715392e-4,95432792.03316,6.107453806538701e-12,-3.950918264315438e-12,8816715.94952243,172315690.42003918,37324887.86089428,6.610753621966354e-11,-4.276503442065092e-11,2.3342501799012618e-11,3.6022818003592775e-9,-2.330319869634266e-9,1.2719619307250113e-9
4,a5,date_time,9.575188505700601e-5,2.1812992620153462e-5,4.389672097011527,4.1937482064302866e-5,5.2200840120738244e-5,1.3930292999327377e-4,1.387316947970028e-4,20,date_time,-2.790139317600465e-4,3.05398691214361e-6,-91.360552545461,1.8604992130198332e-167,-2.850353583117459e-4,-2.729925052083471e-4,-2.3466156711279268e-4,20,3.7339326190979547e-4,95432792.03316,3.912630595362364e-12,-2.458919645055076e-12,8816715.94952243,172315690.42003918,37324887.86089428,4.235060583187109e-11,-2.661552991570557e-11,1.573507591616552e-11,2.3077371408217814e-9,-1.45031330019142e-9,8.574238406303613e-10
4,a6,date_time,1.688871947966663e-4,2.358647421421018e-5,7.1603408488631395,8.395201988687985e-10,1.2179527961203804e-4,2.1597910998129454e-4,2.1186700453666306e-4,20,date_time,-3.0363456780349275e-4,2.0508376069238823e-6,-148.05393014950806,1.4283580945399e-209,-3.0767812410376755e-4,-2.9959101150321796e-4,-2.592822031562389e-4,20,4.7114920769290196e-4,95432792.03316,4.936973944230741e-12,-2.7169089118355273e-12,8816715.94952243,172315690.42003918,37324887.86089428,5.3438174756942514e-11,-2.940802501075055e-11,2.4030149746191965e-11,2.911912550056495e-9,-1.6024798281504662e-9,1.3094327219060289e-9
4,b1,date_time,3.659398590847287e-4,2.920345521411656e-5,12.530704206118676,4.1093199241677236e-19,3.0763327949375624e-4,4.242464386757012e-4,4.089196688247255e-4,20,date_time,-4.5649243367813894e-4,6.953439697200588e-6,-65.64987309258179,3.7536860855778624e-139,-4.7020225877656265e-4,-4.4278260857971523e-4,-4.1214006903088514e-4,20,8.210597378556107e-4,95432792.03316,8.603538892274232e-12,-4.31864205427081e-12,8816715.94952243,172315690.42003918,37324887.86089428,9.312534764149735e-11,-4.674530419154643e-11,4.6380043449950915e-11,5.074515919734333e-9,-2.547209715726462e-9,2.5273062040078705e-9
4,b2,date_time,5.542167352696328e-5,2.494779170964251e-5,2.2215061826711655,0.02975154674138975,5.611800268057582e-6,1.0523154678586898e-4,9.840148326696005e-5,20,date_time,-2.562131713659506e-4,2.397000857887827e-6,-106.8890611877873,4.4291416082614594e-181,-2.6093924420953103e-4,-2.5148709852237017e-4,-2.1186080671869678e-4,20,3.1026228998565686e-4,95432792.03316,3.2511077521220387e-12,-2.2200000880733067e-12,8816715.94952243,172315690.42003918,37324887.86089428,3.5190233161868236e-11,-2.40294467840004e-11,1.116078637786784e-11,1.9175595358474646e-9,-1.3093944166226402e-9,6.081651192248242e-10
4,b3,date_time,2.365489270583693e-4,2.0226108237103463e-5,11.69522699500025,9.687980291334397e-18,1.9616619901829027e-4,2.7693165509844837e-4,2.795287367983661e-4,20,date_time,-2.219393420336314e-4,1.4985588990204154e-6,-148.1018478344159,1.3379213657227113e-209,-2.2489399200543276e-4,-2.1898469206183002e-4,-1.7758697738637756e-4,20,4.571157141847437e-4,95432792.03316,4.789922881287072e-12,-1.860859077922309e-12,8816715.94952243,172315690.42003918,37324887.86089428,5.1846483067145197e-11,-2.014207766282828e-11,3.170440540431692e-11,2.825179291886234e-9,-1.0975668423813894e-9,1.7276124495048445e-9
4,b4,date_time,5.2830401057753116e-5,2.0836004413910177e-5,2.5355341652012413,0.013603875120126932,1.1229976011806738e-5,9.44308261036995e-5,9.581021079774991e-5,20,date_time,-1.9247637106106365e-4,1.6815434866560394e-6,-114.4641055009687,4.77793594405535e-187,-1.9579180458768633e-4,-1.8916093753444096e-4,-1.4812400641380982e-4,20,2.4393421721155973e-4,95432792.03316,2.5560838367465975e-12,-1.5521290246055175e-12,8816715.94952243,172315690.42003918,37324887.86089428,2.7667242384594773e-11,-1.6800360504052892e-11,1.0866881880541882e-11,1.5076224195829184e-9,-9.154725216521247e-10,5.921498979307938e-10
4,b6,date_time,3.1155711898167576e-4,2.1612107491143474e-5,14.415860142716308,4.541109771194621e-22,2.68407154146286e-4,3.5470708381706554e-4,3.5453692872167256e-4,20,date_time,-3.214458730392002e-4,1.4938413391040077e-6,-215.18073213317317,1.7505981268767826e-242,-3.2439122158262057e-4,-3.185005244957798e-4,-2.7709350839194634e-4,20,6.31630437113619e-4,95432792.03316,6.618589099794402e-12,-2.9035460714139514e-12,8816715.94952243,172315690.42003918,37324887.86089428,7.164010281490718e-11,-3.1428199567544815e-11,4.021190324736237e-11,3.90375822944746e-9,-1.7125616502184963e-9,2.1911965792289636e-9
4,c3,date_time,2.9832264119206175e-4,2.36542564434056e-5,12.611795340336261,3.0377561259155127e-19,2.5109539442038465e-4,3.4554988796373884e-4,3.4130245093205855e-4,20,date_time,-2.687853492147182e-4,1.8649204149046258e-6,-144.12698100495842,3.266025459268109e-207,-2.7246233985880414e-4,-2.6510835857063224e-4,-2.2443298456746436e-4,20,5.657354354995229e-4,95432792.03316,5.928103154552441e-12,-2.3517386402095487e-12,8816715.94952243,172315690.42003918,37324887.86089428,6.416623136533811e-11,-2.5455394712996406e-11,3.87108366523417e-11,3.4964976863900514e-9,-1.387096091297281e-9,2.1094015950927703e-9
4,c4,date_time,2.3085724906469856e-4,2.370580576104116e-5,9.738426585950366,2.163240374501907e-14,1.8352708075960905e-4,2.781874173697881e-4,2.7383705880469535e-4,20,date_time,-2.916498739105983e-4,1.4441222894599426e-6,-201.9564936011523,6.860177973595928e-237,-2.9449719334837264e-4,-2.8880255447282394e-4,-2.4729750926334444e-4,20,5.211345680680398e-4,95432792.03316,5.460749465309171e-12,-2.5913263564311947e-12,8816715.94952243,172315690.42003918,37324887.86089428,5.910756012234552e-11,-2.80487100502245e-11,3.105885007212103e-11,3.220844403955171e-9,-1.5284090667324574e-9,1.6924353372227135e-9
4,c5,date_time,2.205128265492013e-4,2.7203129170891885e-5,8.106156654402694,1.7095122763320314e-11,1.6620002676243485e-4,2.7482562633596776e-4,2.634926362891981e-4,20,date_time,-2.1935544459776024e-4,1.4945519351327244e-6,-146.7700381909313,8.304851390058639e-209,-2.2230219419557863e-4,-2.1640869499994184e-4,-1.750030799505064e-4,20,4.384957162397045e-4,95432792.03316,4.594811771695211e-12,-1.8337835058802237e-12,8816715.94952243,172315690.42003918,37324887.86089428,4.973458584241406e-11,-1.9849009648539907e-11,2.988557619387415e-11,2.710099387658683e-9,-1.0815972020875735e-9,1.6285021855711093e-9
4,d1,date_time,3.395451272243103e-4,2.9058576436428025e-5,11.684850700347946,1.0081144545217179e-17,2.8152780744593206e-4,3.9756244700268857e-4,3.825249369643071e-4,20,date_time,-3.112315036349913e-4,1.824406913851925e-6,-170.59324938529141,5.020171227847608e-222,-3.148286153935552e-4,-3.0763439187642746e-4,-2.668791389877375e-4,20,6.494040759520446e-4,95432792.03316,6.804831569073201e-12,-2.7965140000829596e-12,8816715.94952243,172315690.42003918,37324887.86089428,7.365600521441552e-11,-3.02696764323221e-11,4.338632878209342e-11,4.013607256355975e-9,-1.6494322848850077e-9,2.3641749714709676e-9
4,d2,date_time,2.876084911632264e-5,2.1799706248167613e-5,1.3193227830187,0.19161999281979555,-1.4763668722381208e-5,7.228536695502648e-5,7.174065885631942e-5,20,date_time,-1.4358385194527978e-4,1.7893564655310944e-6,-80.24329121177261,2.847849536801756e-156,-1.4711185610573023e-4,-1.4005584778482933e-4,-9.923148729802596e-5,20,1.7097214615434538e-4,95432792.03316,1.7915450497868462e-12,-1.0398049264192756e-12,8816715.94952243,172315690.42003918,37324887.86089428,1.939181744463553e-11,-1.1254926195439128e-11,8.136891249196405e-12,1.056684230744663e-9,-6.132949148717132e-10,4.4338931587294987e-10
4,d3,date_time,2.0924304182518423e-4,2.4726527352464384e-5,8.46228986555728,3.945658964129677e-12,1.5987493710900274e-4,2.5861114654136575e-4,2.52222851565181e-4,20,date_time,-2.360389546214994e-4,1.9110964209416223e-6,-123.50970470929975,1.0870133547177975e-193,-2.398069886907215e-4,-2.322709205522773e-4,-1.9168658997424559e-4,20,4.439094415394266e-4,95432792.03316,4.6515399170673066e-12,-2.008602974831128e-12,8816715.94952243,172315690.42003918,37324887.86089428,5.034861552542946e-11,-2.1741268639218048e-11,2.8607346886211418e-11,2.743558628140085e-9,-1.184708745997427e-9,1.5588498821426583e-9
4,d5,date_time,2.94111165136739e-4,2.4340206204358287e-5,12.083347308868579,2.2082253368525336e-18,2.4551437547915494e-4,3.42707954794323e-4,3.370909748767358e-4,20,date_time,-3.803908235249506e-4,1.8236211711211967e-6,-208.5909231307504,9.691795963277942e-240,-3.8398638606530305e-4,-3.767952609845981e-4,-3.360384588776968e-4,20,6.731294337544325e-4,95432792.03316,7.0534395925515884e-12,-3.5212053605319817e-12,8816715.94952243,172315690.42003918,37324887.86089428,7.634695703119409e-11,-3.811378985118589e-11,3.8233167180008194e-11,4.160240564894584e-9,-2.076867772948502e-9,2.083372791946082e-9
4,d6,date_time,2.721301118496592e-4,2.657626002740339e-5,10.239593967287332,2.892866180112999e-15,2.19068896690121e-4,3.251913270091974e-4,3.15109921589656e-4,20,date_time,-2.3604806410707204e-4,2.4500948946911018e-6,-96.34241702986449,4.695844503519354e-172,-2.4087882038648282e-4,-2.3121730782766126e-4,-1.9169569945981822e-4,20,5.068056210494741e-4,95432792.03316,5.310602469572248e-12,-2.0086984292905293e-12,8816715.94952243,172315690.42003918,37324887.86089428,5.748235782473247e-11,-2.174230184541691e-11,3.574005597931556e-11,3.1322851111214403e-9,-1.184765046687167e-9,1.9475200644342735e-9
5,a1,date_time,1.433194832588552e-4,3.690218803998013e-6,38.83766542612099,5.5378005095007384e-105,1.3604982037505504e-4,1.5058914614265537e-4,1.746217526215679e-4,22,date_time,-1.7395211700341182e-4,3.449328326045308e-6,-50.43072174078882,3.1408657641611833e-97,-1.8076657663762018e-4,-1.6713765736920346e-4,-1.5156599613095123e-4,22,3.261877487525191e-4,121017255.47423999,2.695382137648562e-12,-1.252432932287197e-12,11156505.186696418,223126762.93592262,47218989.0170628,2.923744876141697e-11,-1.3585436800736329e-11,1.565201196068064e-11,1.6897463485775022e-9,-7.851554496153e-10,9.045908989622022e-10
5,a3,date_time,2.115725502981566e-4,3.669446682176345e-6,57.657889219601124,7.636462811332524e-142,2.0434380811067428e-4,2.1880129248563895e-4,2.428748196608693e-4,22,date_time,-2.831492553484616e-4,3.183996177824687e-6,-88.92889298061588,1.2638606233186552e-133,-2.894395273603858e-4,-2.7685898333653747e-4,-2.6076313447600104e-4,22,5.036379541368703e-4,121017255.47423999,4.16170365261734e-12,-2.1547599427381466e-12,11156505.186696418,223126762.93592262,47218989.0170628,4.514298570285557e-11,-2.3373191704060536e-11,2.176979399879503e-11,2.6089894463004342e-9,-1.350828030818383e-9,1.2581614154820514e-9
5,a4,date_time,2.0844816003843616e-4,3.862916236468339e-6,53.96134611218217,1.7646178354811605e-135,2.0083828640247222e-4,2.160580336744001e-4,2.3975042940114886e-4,22,date_time,-3.2492767390222366e-4,3.574467104400258e-6,-90.90240990110934,4.6788980053090033e-135,-3.3198935649498163e-4,-3.178659913094657e-4,-3.0254155302976307e-4,22,5.422919824309119e-4,121017255.47423999,4.481112881843081e-12,-2.4999868972748498e-12,11156505.186696418,223126762.93592262,47218989.0170628,4.8607693301444293e-11,-2.7117950287024378e-11,2.1489743014419912e-11,2.8092284295775887e-9,-1.5672522542006132e-9,1.2419761753769755e-9
5,a6,date_time,7.334962461352927e-5,3.985582654003642e-6,18.403739423104746,1.2227212297995466e-47,6.549810040072716e-5,8.120114882633137e-5,1.0465189397624195e-4,22,date_time,-2.623314234834466e-4,3.3606912362791417e-6,-78.05876977079639,3.789921466809107e-125,-2.6897077254156267e-4,-2.556920744253305e-4,-2.39945302610986e-4,22,3.445971965872279e-4,121017255.47423999,2.8475046408615647e-12,-1.9827362773241977e-12,11156505.186696418,223126762.93592262,47218989.0170628,3.088755760165317e-11,-2.1507210241528768e-11,9.380347360124403e-12,1.7851125828306118e-9,-1.2429856746485367e-9,5.421269081820751e-10
5,b2,date_time,6.700775081418437e-5,3.619991650665491e-6,18.51047109511035,5.4254041661992015e-48,5.987643412532074e-5,7.413906750304801e-5,9.831002017689706e-5,22,date_time,-2.1189294457172074e-4,2.855202185570737e-6,-74.21293862920066,7.077925258194736e-122,-2.175336543569161e-4,-2.0625223478652538e-4,-1.8950682369926015e-4,22,2.878168438761572e-4,121017255.47423999,2.3783124377450664e-12,-1.5659487810777448e-12,11156505.186696418,223126762.93592262,47218989.0170628,2.579811859177591e-11,-1.6986217505212807e-11,8.811901086563102e-12,1.490974026028872e-9,-9.816998480200346e-10,5.092741780088375e-10
5,b3,date_time,1.9502439479691594e-4,3.731429406117634e-6,52.26533147784486,1.9572674011977774e-132,1.876735477881193e-4,2.0237524180571258e-4,2.263266641596286e-4,22,date_time,-2.6185577810670875e-4,2.681477486800473e-6,-97.6535433900487,9.774954637845824e-140,-2.671532790595364e-4,-2.565582771538811e-4,-2.3946965723424817e-4,22,4.657963213938768e-4,121017255.47423999,3.8490074788799615e-12,-1.9788058842998815e-12,11156505.186696418,223126762.93592262,47218989.0170628,4.175109620791607e-11,-2.1464576337023885e-11,2.0286519870892186e-11,2.4129589056187914e-9,-1.240521694803695e-9,1.1724372108150967e-9
5,b4,date_time,2.943038075063892e-5,3.645086034503496e-6,8.073987958599087,3.3829866726075704e-14,2.2249628589119487e-5,3.6611132912158356e-5,6.073265011335161e-5,22,date_time,-1.4097058076051162e-4,2.6323107494645223e-6,-53.553928155780454,5.2135035803210687e-101,-1.4617094838323793e-4,-1.3577021313778532e-4,-1.1858445988805104e-4,22,1.7931711000140264e-4,121017255.47423999,1.4817482787780829e-12,-9.79897118170005e-13,11156505.186696418,223126762.93592262,47218989.0170628,1.6072874704099046e-11,-1.0629176243243014e-11,5.44369846085603e-12,9.289142005521149e-10,-6.14301606544694e-10,3.1461259400742084e-10
5,b5,date_time,7.783438156694697e-5,4.42729983427556e-6,17.580553493206775,6.619165199339671e-45,6.911268266773313e-5,8.655608046616081e-5,1.0913665092965965e-4,22,date_time,-1.7296377163240792e-4,5.258354843289477e-6,-32.89313421918227,2.8490814445986e-71,-1.8335212653367152e-4,-1.625754167311443e-4,-1.5057765075994733e-4,22,2.5971430168960697e-4,121017255.47423999,2.1460931391299844e-12,-1.2442659533953787e-12,11156505.186696418,223126762.93592262,47218989.0170628,2.3279180831583664e-11,-1.3496847645399184e-11,9.782333186184481e-12,1.3453947753455592e-9,-7.80035536350089e-10,5.653592389954702e-10
5,c1,date_time,2.2218134391746618e-4,3.137363117101198e-6,70.81786061243466,6.392757607415108e-162,2.1600079652534833e-4,2.2836189130958403e-4,2.5348361328017885e-4,22,date_time,-2.1472269818519763e-4,2.3790064853345917e-6,-90.25729837596398,1.363876999011954e-134,-2.194226403569593e-4,-2.1002275601343594e-4,-1.9233657731273704e-4,22,4.458201905929159e-4,121017255.47423999,3.6839390287430056e-12,-1.5893318399844082e-12,11156505.186696418,223126762.93592262,47218989.0170628,3.996055961364447e-11,-1.7239859086166958e-11,2.272070052747751e-11,2.3094768030299535e-9,-9.96358785561476e-10,1.3131180174684776e-9
5,c3,date_time,5.859208866941312e-5,3.5363658480048877e-6,16.56844658831581,1.6030424712181835e-41,5.162551326718299e-5,6.555866407164324e-5,8.98943580321258e-5,22,date_time,-1.540918774892318e-4,2.4557188341167237e-6,-62.748175950955634,4.430022402944727e-111,-1.5894337183428877e-4,-1.4924038314417484e-4,-1.3170575661677122e-4,22,2.21600114648897e-4,121017255.47423999,1.8311447717145373e-12,-1.0883221248130719e-12,11156505.186696418,223126762.93592262,47218989.0170628,1.9862861258124473e-11,-1.1805287983357354e-11,8.05757327476712e-12,1.1479523250164304e-9,-6.822736972217679e-10,4.656786277946624e-10
5,c4,date_time,2.5112794714347804e-4,3.596653953465031e-6,69.82266028165994,1.5908711103224116e-160,2.4404260528704106e-4,2.58213288999915e-4,2.824302165061907e-4,22,date_time,-2.4104995209655022e-4,2.382263836946708e-6,-101.18524588170649,4.626151988260825e-142,-2.4575632946060937e-4,-2.3634357473249106e-4,-2.1866383122408963e-4,22,5.010940477302803e-4,121017255.47423999,4.140682630477803e-12,-1.8068814266791474e-12,11156505.186696418,223126762.93592262,47218989.0170628,4.491496569443721e-11,-1.9599671004934006e-11,2.5315294689503198e-11,2.5958112794989596e-9,-1.1327415324148317e-9,1.4630697470841277e-9
5,c5,date_time,1.7898581962791e-4,3.6242908036678473e-6,49.385060229375945,4.549629624862288e-127,1.718460336870391e-4,1.861256055687809e-4,2.102880889906227e-4,22,date_time,-2.789874196110184e-4,2.4244422643854805e-6,-115.07282466952576,1.6971930032704104e-150,-2.837771242678278e-4,-2.7419771495420907e-4,-2.5660129873855784e-4,22,4.6688938772918053e-4,121017255.47423999,3.8580397968830456e-12,-2.1203695103891905e-12,11156505.186696418,223126762.93592262,47218989.0170628,4.184907190164919e-11,-2.3000150535002863e-11,1.884892136664633e-11,2.418621303596325e-9,-1.329268524774336e-9,1.089352778821989e-9
5,d1,date_time,3.9219610626013964e-5,3.3572690921667733e-6,11.68199794217321,3.202167388641706e-25,3.2605852524783655e-5,4.5833368727244274e-5,7.052187998872665e-5,22,date_time,-1.1651388505534267e-4,2.951431135365074e-6,-39.47708068104073,4.0334242458005417e-82,-1.2234470382177485e-4,-1.106830662889105e-4,-9.412776418288208e-5,22,1.6464964417160874e-4,121017255.47423999,1.3605468371132944e-12,-7.778044859306724e-13,11156505.186696418,223126762.93592262,47218989.0170628,1.47581739457214e-11,-8.437029572228837e-12,6.321144373492562e-12,8.529325092606262e-10,-4.876088891629803e-10,3.653236200976459e-10
5,d2,date_time,3.28022871015629e-4,3.4805326416321306e-6,94.24502074539052,1.956404679851259e-190,3.2116628599868763e-4,3.348794560325704e-4,3.593251403783417e-4,22,date_time,-3.474227691467165e-4,2.7977562760005064e-6,-124.17906882273887,1.6690697119242942e-155,-3.5294998934932824e-4,-3.4189554894410474e-4,-3.250366482742559e-4,22,6.843617886525975e-4,121017255.47423999,5.655076096137979e-12,-2.685870267016954e-12,11156505.186696418,223126762.93592262,47218989.0170628,6.134195047645075e-11,-2.9134271246684494e-11,3.220767922976625e-11,3.545190884404006e-9,-1.6837833170490959e-9,1.8614075673549099e-9
5,d3,date_time,4.139991623822158e-6,3.3733853455120363e-6,1.227251321681947,0.2209406873314915,-2.5055151988235425e-6,1.078549844646786e-5,3.5442260986534844e-5,22,date_time,-1.74719817906503e-4,2.2740043582910906e-6,-76.83354575353785,4.016834135833027e-124,-1.7921231889302258e-4,-1.702273169199834e-4,-1.523336970340424e-4,22,1.8777595802057725e-4,121017255.47423999,1.55164614570645e-12,-1.2587766631880732e-12,11156505.186696418,223126762.93592262,47218989.0170628,1.683107343009985e-11,-1.3654248753067657e-11,3.176824677032194e-12,9.727334660157505e-10,-7.891323610804272e-10,1.8360110493532322e-10
5,d5,date_time,1.030149231630842e-4,4.551611923882564e-6,22.632624416541113,2.8797305128902265e-61,9.404833174344729e-5,1.119815145827211e-4,1.3431719252579688e-4,22,date_time,-1.2275486322675162e-4,2.7627510287196907e-6,-44.43211203278005,2.3781404627920453e-89,-1.28212927401861e-4,-1.1729679905164222e-4,-1.0036874235429103e-4,22,2.3468593488008792e-4,121017255.47423999,1.939276625968796e-12,-8.293754635317751e-13,11156505.186696418,223126762.93592262,47218989.0170628,2.1035793104810214e-11,-8.9964321868443e-12,1.2039360917965916e-11,1.2157406372334313e-9,-5.199389509664089e-10,6.958016862670224e-10
5,d6,date_time,-1.978749181252037e-5,4.143508697449001e-6,-4.77554006938679,3.133685461116473e-6,-2.7950127413941582e-5,-1.1624856211099161e-5,1.1514777550192312e-5,22,date_time,-2.681706799344159e-4,4.219520209744422e-6,-63.55478030774952,2.1904596561938482e-111,-2.765071603911017e-4,-2.5983419947773004e-4,-2.457845590619553e-4,22,2.572993366121476e-4,121017255.47423999,2.126137595864723e-12,-2.030987714097297e-12,11156505.186696418,223126762.93592262,47218989.0170628,2.3062718324997005e-11,-2.2030605010164047e-11,1.0321133148329565e-12,1.3328845617118915e-9,-1.2732347024068387e-9,5.964985930505272e-11
6,a1,date_time,-2.1827831831192315e-4,7.226419598706625e-6,-30.205597022208664,1.831418098583959e-74,-2.325326346253386e-4,-2.040240019985077e-4,-7.920941302814614e-5,24,date_time,-5.319422679713586e-4,2.778690141573451e-6,-191.43633901912608,0,-5.374047650860415e-4,-5.264797708566757e-4,-4.690398113046656e-4,24,3.898303982765195e-4,121017255.47423999,3.2212794510077094e-12,-3.875809358480341e-12,11156505.186696418,223126762.93592262,47218989.0170628,3.494198153928822e-11,-4.204182254707975e-11,-7.099841007791531e-12,2.019433576434023e-9,-2.4297611161688933e-9,-4.1032753973487023e-10
6,a3,date_time,-5.422566376843233e-5,7.192448673309657e-6,-7.539249319867583,1.886602731873037e-12,-6.841297147413361e-5,-4.0038356062731056e-5,8.484324151534467e-5,24,date_time,-3.628312977794845e-4,1.0330432766533309e-6,-351.2256514121272,0,-3.648621092879839e-4,-3.6080048627098505e-4,-2.999288411127915e-4,24,3.847720826281361e-4,121017255.47423999,3.1794811501905165e-12,-2.4783973156343397e-12,11156505.186696418,223126762.93592262,47218989.0170628,3.4488585465541474e-11,-2.68837629789696e-11,7.604822486571875e-12,1.993230046627963e-9,-1.553717655067225e-9,4.3951239156073794e-10
6,a4,date_time,-9.371763543388641e-5,7.5970048003875615e-6,-12.336129553203047,4.597820676288503e-26,-1.0870294150145017e-4,-7.873232936632266e-5,4.5351269849890595e-5,24,date_time,-5.781653278832938e-4,1.0024566942900958e-6,-576.748433300383,0,-5.801360106586872e-4,-5.761946451079004e-4,-5.152628712166009e-4,24,5.606141410664915e-4,121017255.47423999,4.632514089578119e-12,-4.2577636486416676e-12,11156505.186696418,223126762.93592262,47218989.0170628,5.024997807870839e-11,-4.618497124269941e-11,4.0650068360089816e-12,2.9041424806752517e-9,-2.669209860044098e-9,2.349326206311535e-10
6,a6,date_time,3.4584525230514415e-5,6.118426415939129e-6,5.65251959889853,5.721363768687799e-8,2.2515756695573175e-5,4.6653293765455655e-5,1.7365343051429144e-4,24,date_time,-5.200312300299909e-4,1.234858321092808e-6,-421.12623055394795,0,-5.224587803045214e-4,-5.176036797554605e-4,-4.5712877336329794e-4,24,6.307822038775894e-4,121017255.47423999,5.212332748794316e-12,-3.7773850644018566e-12,11156505.186696418,223126762.93592262,47218989.0170628,5.653940847262511e-11,-4.0974190905983845e-11,1.5565217566641263e-11,3.2676332260366496e-9,-2.368058514074955e-9,8.995747119616944e-10
6,b2,date_time,-1.0152137924346913e-4,6.3661136558239394e-6,-15.947151548353819,6.803615599007285e-37,-1.1407871783940528e-4,-8.896404064753297e-5,3.754752604030788e-5,24,date_time,-3.311643181211225e-4,1.2462261167827286e-6,-265.7337329569533,0,-3.3361421581403806e-4,-3.287144204282069e-4,-2.682618614544295e-4,24,3.0580938749473735e-4,121017255.47423999,2.526989942850197e-12,-2.21672405644278e-12,11156505.186696418,223126762.93592262,47218989.0170628,2.7410858721188064e-11,-2.40453311288125e-11,3.3655275923755636e-12,1.5841805765427729e-9,-1.3896735931647255e-9,1.9450698337804734e-10
6,b3,date_time,2.4902400812613154e-5,6.5460951233466754e-6,3.8041611591922395,1.9171800012871985e-4,1.1990043699750453e-5,3.7814757925475854e-5,1.6397130609639016e-4,24,date_time,-5.179231293428046e-4,1.0499612090679292e-6,-493.278346732995,0,-5.199871990241454e-4,-5.158590596614637e-4,-4.550206726761116e-4,24,6.189919787725018e-4,121017255.47423999,5.114906765541892e-12,-3.759965228867451e-12,11156505.186696418,223126762.93592262,47218989.0170628,5.548260574562536e-11,-4.078523382203069e-11,1.469737192359466e-11,3.206556469179837e-9,-2.357137946235635e-9,8.494185229442017e-10
6,b4,date_time,1.9337884113343145e-5,6.764628613658802e-6,2.8586763912355884,0.004729128922796125,5.994463532128663e-6,3.2681304694557624e-5,1.5840678939712014e-4,24,date_time,-5.243642440701691e-4,1.2635834434191335e-6,-414.98188885040355,0,-5.26848263720496e-4,-0.00052188022441984215,-4.6146178740347606e-4,24,6.198685768005962e-4,121017255.47423999,5.122150344357651e-12,-3.813189991750423e-12,11156505.186696418,223126762.93592262,47218989.0170628,5.5561178561522914e-11,-4.136257543748973e-11,1.4198603124033182e-11,3.2110974990707745e-9,-2.3905047729572314e-9,8.205927261135431e-10
6,b5,date_time,-0.00014474135842325865,1.1163008814593352e-5,-12.966160004643095,5.921099561923581e-28,-1.6676070790597314e-4,-1.2272200894054415e-4,-5.6724531394816355e-6,24,date_time,-4.3872548730925366e-4,2.4450875552190202e-6,-179.43140169880525,0,-4.4353217068704393e-4,-4.339188039314634e-4,-3.7582303064256066e-4,24,3.70150577503079e-4,121017255.47423999,3.0586594949004617e-12,-3.1055325884708995e-12,11156505.186696418,223126762.93592262,47218989.0170628,3.317800433996708e-11,-3.3686447893262404e-11,-5.084435532953237e-13,1.9174864450050904e-9,-1.9468713836380502e-9,-2.9384938632959794e-11
6,c1,date_time,2.3937028475861017e-4,5.770147466518865e-6,41.48425775035217,3.5279845509213707e-97,2.279885062665982e-4,2.507520632506221e-4,3.7843919004238715e-4,24,date_time,-4.5893230655736706e-4,9.970815161775182e-7,-460.27561348921824,0,-4.6089242252126474e-4,-4.569721905934694e-4,-3.9602984989067406e-4,24,7.744690399330613e-4,121017255.47423999,6.399657940498548e-12,-3.272507282855823e-12,11156505.186696418,223126762.93592262,47218989.0170628,6.941860618292701e-11,-3.549766197060708e-11,3.392094421231993e-11,4.01197236045214e-9,-2.051548518728034e-9,1.960423841724106e-9
6,c3,date_time,-9.951309387658484e-5,6.5914811039356056e-6,-15.097228120273016,2.338295478967703e-34,-1.1251497611522698e-4,-8.651121163794271e-5,3.9555811407192165e-5,24,date_time,-2.860671645667979e-4,1.2279911334959023e-6,-232.9553990771974,0,-2.884812149581017e-4,-2.8365311417549407e-4,-2.231647079001049e-4,24,2.6272051930729707e-4,121017255.47423999,2.170934370290858e-12,-1.8440734507287536e-12,11156505.186696418,223126762.93592262,47218989.0170628,2.3548639552516707e-11,-2.0003101703051042e-11,3.545537849465666e-12,1.3609678471790302e-9,-1.1560573680272374e-9,2.049104791517927e-10
6,c4,date_time,1.7036364491334986e-4,6.549813207956176e-6,26.010458543520915,1.6091316967457893e-64,1.5744395377381186e-4,1.8328333605288787e-4,3.094325501971269e-4,24,date_time,-4.534694830926748e-4,1.1338223826803726e-6,-399.9475491219942,0,-4.556984115367968e-4,-4.5124055464855283e-4,-3.905670264259818e-4,24,6.999995766231087e-4,121017255.47423999,5.784295585616815e-12,-3.227366418908077e-12,11156505.186696418,223126762.93592262,47218989.0170628,6.274362489947333e-11,-3.500800832250889e-11,2.7735616576964437e-11,3.6261991234444255e-9,-2.023249522098977e-9,1.6029496013454484e-9
6,c5,date_time,9.112766775759092e-5,7.277671891205947e-6,12.521541108181314,1.2795444826778729e-26,7.677225485282836e-5,1.0548308066235347e-4,2.3019657304136794e-4,24,date_time,-4.0986437992888975e-4,1.221136592974965e-6,-335.6417146835043,0,-4.1226495529926273e-4,-4.0746380455851676e-4,-3.4696192326219674e-4,24,5.771584963035647e-4,121017255.47423999,4.7692248022135984e-12,-2.8670450499189504e-12,11156505.186696418,223126762.93592262,47218989.0170628,5.173291157447744e-11,-3.1099517049114243e-11,2.0633394525363195e-11,2.9898469988808807e-9,-1.7973625470910536e-9,1.1924844517898273e-9
6,d1,date_time,3.371845557838978e-4,6.730911636916273e-6,50.09493126229434,1.9378121538840517e-111,3.239076428895198e-4,3.5046146867827576e-4,4.7625346106767476e-4,24,date_time,-3.436280870292571e-4,2.3063688567558703e-6,-148.99095000467662,0,-3.481620697993868e-4,-3.3909410425912734e-4,-2.807256303625641e-4,24,7.569790914302389e-4,121017255.47423999,6.255133521775919e-12,-2.319715723699584e-12,11156505.186696418,223126762.93592262,47218989.0170628,6.785091556564676e-11,-2.5162506149086503e-11,4.268840941656026e-11,3.921369397181821e-9,-1.4542395006293037e-9,2.467129896552517e-9
6,d2,date_time,2.300789321360118e-4,6.301363742993982e-6,36.512561648551,8.150321546277326e-88,2.176493145679149e-4,2.4250854970410873e-4,3.691478374197888e-4,24,date_time,-5.253526600960425e-4,1.3513087365728865e-6,-388.7732284099727,0,-5.280091348012053e-4,-5.226961853908796e-4,-4.624502034293495e-4,24,8.315980408491383e-4,121017255.47423999,6.8717311228906035e-12,-3.821357554483523e-12,11156505.186696418,223126762.93592262,47218989.0170628,7.453929585770085e-11,-4.145117092589161e-11,3.3088124931809236e-11,4.307917015225372e-9,-2.3956250522349866e-9,1.9122919629903856e-9
6,d3,date_time,-9.837658517663468e-5,6.819643724335177e-6,-14.425472818409595,2.4195948232102086e-32,-1.1182852461409423e-4,-8.492464573917513e-5,4.069232010714233e-5,24,date_time,-5.032610995708077e-4,1.1839261399576009e-6,-425.0781215024365,0,-5.055885246502568e-4,-5.009336744913587e-4,-4.403586429041147e-4,24,4.8105096301125707e-4,121017255.47423999,3.975060921073811e-12,-3.638808706894287e-12,11156505.186696418,223126762.93592262,47218989.0170628,4.311842776579234e-11,-3.9471020318192537e-11,3.647407447599802e-12,2.4919823363589313e-9,-2.2811844152869197e-9,2.1079792107201142e-10
6,d5,date_time,1.2810204553701817e-4,7.136760572795485e-6,17.949606720075284,8.853117901417389e-43,1.1402458417898321e-4,1.4217950689505312e-4,2.671709508207952e-4,24,date_time,-3.7928200244994155e-4,1.405250161413851e-6,-269.9035466171647,0,-3.820445180817795e-4,-3.765194868181036e-4,-3.1637954578324855e-4,24,5.835504966040438e-4,121017255.47423999,4.822043718618785e-12,-2.6143341670031e-12,11156505.186696418,223126762.93592262,47218989.0170628,5.230585087702007e-11,-2.8358302218199617e-11,2.394754865882045e-11,3.022959398746136e-9,-1.638937036404327e-9,1.3840223623418092e-9
6,d6,date_time,-1.4603373469720683e-4,7.917657971936129e-6,-18.44405696922227,3.2977425059853177e-44,-1.6165153818229822e-4,-1.3041593121211544e-4,-6.96482941342982e-6,24,date_time,-2.764415687115817e-4,1.472729151979557e-6,-187.706998493243,0,-2.7933673813800876e-4,-2.735463992851547e-4,-2.1353911204488872e-4,24,2.065742826314589e-4,121017255.47423999,1.7069820483198015e-12,-1.7645344146012561e-12,11156505.186696418,223126762.93592262,47218989.0170628,1.8516038775098547e-11,-1.9140322930116467e-11,-6.242841550179205e-13,1.0701141938085401e-9,-1.1061940132217985e-9,-3.6079819413258496e-11
7,a1,date_time,4.596917099614637e-5,3.0171775096902144e-5,1.523581918813461,0.13083373914163154,-1.3905734728405425e-5,1.0584407672069817e-4,2.9919066198123178e-5,8,date_time,-1.0855676685436927e-4,5.511767806731512e-6,-19.695453556985672,6.381528289564575e-42,-1.1945520486145342e-4,-9.765832884728512e-5,-9.021178236121762e-5,8,1.201308485593408e-4,124311905.98222499,9.663663959630543e-13,-7.256889969502741e-13,11457466.830583422,229743719.60107803,48491481.8490399,1.0484939676078789e-11,-7.873623698426538e-12,2.6113159776522504e-12,6.100115924933312e-10,-4.580857762995405e-10,1.5192581619379069e-10
7,a3,date_time,2.1752686917089772e-4,2.8471116356245215e-5,7.640264837145475,1.4731328864464132e-11,1.6102686536840499e-4,2.7402687297339043e-4,2.0147676437287453e-4,8,date_time,-2.566567094153518e-4,1.1069696196735454e-5,-23.185524232457436,1.9253345846246642e-49,-2.7854485891432674e-4,-2.3476855991637685e-4,-2.3831172492220015e-4,8,4.397884892950747e-4,124311905.98222499,3.537782530323031e-12,-1.9170466661196207e-12,11457466.830583422,229743719.60107803,48491481.8490399,3.838444359456028e-11,-2.0799687090175513e-11,1.7584756504384766e-11,2.233198882155611e-9,-1.2101214348603759e-9,1.023077447295235e-9
7,a4,date_time,1.6263762212045526e-4,3.864865905198928e-5,4.2081051738866,5.710066733632114e-5,8.594061607138791e-5,2.393346281695226e-4,1.4658751732243207e-4,8,date_time,-1.712737683553545e-4,5.0762881093765705e-6,-33.73996208745311,1.5653231993424077e-68,-1.8131113081437759e-4,-1.612364058963314e-4,-1.5292878386220286e-4,8,2.9951630118463495e-4,124311905.98222499,2.4093935236377273e-12,-1.2302022292544506e-12,11457466.830583422,229743719.60107803,48491481.8490399,2.6141581347208087e-11,-1.3347521413196675e-11,1.2794059934011411e-11,1.5209117229626432e-9,-7.765559979023154e-10,7.443557250603278e-10
7,a5,date_time,1.1960535623522726e-4,3.427128150694759e-5,3.48995867607053,7.256090596953797e-4,5.159511346039139e-5,1.8761559901006315e-4,1.0355525143720407e-4,8,date_time,-1.0133689535780902e-4,7.46843592575427e-6,-13.568690468155092,3.546567330188741e-27,-1.1610426016720943e-4,-8.656953054840861e-5,-8.299191086465737e-5,8,1.8654716230186145e-4,124311905.98222499,1.5006379383205284e-12,-6.676103162357124e-13,11457466.830583422,229743719.60107803,48491481.8490399,1.6281710875558548e-11,-7.243478169461248e-12,9.038232706097301e-12,9.472665257555295e-10,-4.214240415159192e-10,5.258424842396103e-10
7,a6,date_time,2.1301229413685875e-5,3.1205451687024816e-5,0.6826124366769829,0.4964621908968738,-4.062497386245164e-5,8.322743268982339e-5,5.251124615662686e-6,8,date_time,-8.39686566305504e-5,5.194387353896269e-6,-16.165266644499695,1.2091530568836749e-33,-9.423953714407308e-5,-7.369777611702771e-5,-6.562367213739875e-5,8,7.087479675306144e-5,124311905.98222499,5.701368359937754e-13,-5.278953099374254e-13,11457466.830583422,229743719.60107803,48491481.8490399,6.1859045983773054e-12,-5.727589973224226e-12,4.583146251530797e-13,3.59894632839622e-10,-3.332299840204719e-10,2.6664648819150107e-11
7,b2,date_time,3.3097377181068527e-4,3.550862672403253e-5,9.320939792545667,3.605073248593828e-15,2.605080577225526e-4,4.0143948589881794e-4,3.1492366701266206e-4,8,date_time,-1.9263958713418031e-4,1.5113757096678785e-5,-12.74597612638041,4.431222181152817e-25,-2.225240725747887e-4,-1.6275510169357194e-4,-1.7429460264102868e-4,8,4.892182696536907e-4,124311905.98222499,3.935409611720077e-12,-1.4020748959150428e-12,11457466.830583422,229743719.60107803,48491481.8490399,4.269864158347988e-11,-1.5212315708022302e-11,2.748632587545758e-11,2.4841980168055294e-9,-8.850493390756892e-10,1.5991486777298404e-9
7,b3,date_time,3.1494911106810493e-4,3.3699627231967195e-5,9.34577432860583,3.1844462937443967e-15,2.480732975971983e-4,3.8182492453901155e-4,2.988990062700817e-4,8,date_time,-2.651536118591303e-4,5.91546966093475e-6,-44.82376329476962,3.965541305585226e-84,-2.768502909724537e-4,-2.5345693274580696e-4,-2.4680862736597866e-4,8,5.457076336360604e-4,124311905.98222499,4.389825973017336e-12,-1.9853981436119977e-12,11457466.830583422,229743719.60107803,48491481.8490399,4.7628995283617384e-11,-2.1541291021429997e-11,2.6087704262187384e-11,2.7710449615750823e-9,-1.2532677961251885e-9,1.5177771654498938e-9
7,b4,date_time,3.489267846085417e-4,3.0850242805466994e-5,11.310341601159397,1.7840022721781846e-19,2.8770548179740804e-4,4.101480874196754e-4,3.328766798105185e-4,8,date_time,-3.3248752036399274e-4,5.715547878430691e-6,-58.172467003335356,5.789657338505518e-99,-3.437888934286423e-4,-3.211861472993432e-4,-3.141425358708411e-4,8,6.470192156813596e-4,124311905.98222499,5.204804886298462e-12,-2.527051076795166e-12,11457466.830583422,229743719.60107803,48491481.8490399,5.6471402034022993e-11,-2.7418149274698337e-11,2.9053252759324653e-11,3.2854943327617336e-9,-1.5951821773888978e-9,1.690312155372836e-9
7,b6,date_time,3.309352539184306e-4,3.0401836730273883e-5,10.8853704088506,1.4657871686340172e-18,2.706037983699215e-4,3.9126670946693966e-4,3.148851491204074e-4,8,date_time,-2.5005816215641194e-4,4.669046976742893e-6,-53.55657447911382,3.225738073189812e-94,-2.592902852814191e-4,-2.4082603903140476e-4,-2.317131776632603e-4,8,5.465983267836678e-4,124311905.98222499,4.3969909596738405e-12,-1.8639660926475724e-12,11457466.830583422,229743719.60107803,48491481.8490399,4.770673438256286e-11,-2.022377032283857e-11,2.7482964059724295e-11,2.7755678060560026e-9,-1.176614718060818e-9,1.5989530879951843e-9
7,c1,date_time,3.134580641309285e-4,3.4090716156713725e-5,9.194821918377242,6.7677026468826475e-15,2.4580614741704363e-4,3.811099808448134e-4,2.974079593329053e-4,8,date_time,-3.297876352837518e-4,7.2294614021415624e-6,-45.61717905929476,4.0995856783661444e-85,-3.4408247492115845e-4,-3.154927956463452e-4,-3.1144265079060017e-4,8,6.088506101235055e-4,124311905.98222499,4.897765868142696e-12,-2.505332440443255e-12,11457466.830583422,229743719.60107803,48491481.8490399,5.314007180874399e-11,-2.718250512052683e-11,2.5957566688217162e-11,3.0916782385709465e-9,-1.5814724498951043e-9,1.5102057886758422e-9
7,c3,date_time,1.7380921128373294e-4,3.65693099762014e-5,4.752870956461706,6.880420211664827e-6,1.0123860580212892e-4,2.4637981676533697e-4,1.5775910648570975e-4,8,date_time,-1.4871089330614987e-4,4.536788742090228e-6,-32.77888871625848,5.4421437113997754e-67,-1.5768150175531602e-4,-1.3974028485698372e-4,-1.3036590881299824e-4,8,2.88125015298708e-4,124311905.98222499,2.317758810165023e-12,-1.0487001046515922e-12,11457466.830583422,229743719.60107803,48491481.8490399,2.514735757555202e-11,-1.137824885209464e-11,1.3769108723457379e-11,1.4630679923376272e-9,-6.619841330977929e-10,8.010838592398344e-10
7,c4,date_time,3.1682516877799957e-4,3.404822879412238e-5,9.305187964217744,3.900190908856512e-15,2.4925756685240515e-4,3.84392770703594e-4,3.0077506397997635e-4,8,date_time,-3.142680889387105e-4,4.8760693029823825e-6,-64.45111203536271,6.866293027732169e-105,-3.239095580426698e-4,-3.046266198347512e-4,-2.9592310444555883e-4,8,5.966981684255351e-4,124311905.98222499,4.8000082028414515e-12,-2.380488836587157e-12,11457466.830583422,229743719.60107803,48491481.8490399,5.207941486967857e-11,-2.5827969552192037e-11,2.6251445317486528e-11,3.029969440191824e-9,-1.5026658544681495e-9,1.5273035857236747e-9
7,c6,date_time,8.485725829245428e-5,3.5127931024632685e-5,2.415663428425375,0.01755931027973397,1.5147022429851958e-5,1.545674941550566e-4,6.88071534944311e-5,8,date_time,-1.1655751800917761e-4,4.4914256435267e-6,-25.951118255106145,6.071052931869458e-55,-1.2543842984287675e-4,-1.076766061754785e-4,-9.821253351602597e-5,8,1.6701968701045706e-4,124311905.98222499,1.3435534246763036e-12,-7.900492936699812e-13,11457466.830583422,229743719.60107803,48491481.8490399,1.4577365964056848e-11,-8.57192387883395e-12,6.0054420852228985e-12,8.481080960704215e-10,-4.987127344174353e-10,3.4939536165298615e-10
7,d2,date_time,3.0310322280054563e-4,3.337721923971367e-5,9.081140661349648,1.1935226874198362e-14,2.368672174973395e-4,3.6933922810375176e-4,2.8705311800252247e-4,8,date_time,-2.4370197846035533e-5,1.2776624938362531e-5,-1.9074049652081944,0.0585459759506788,-4.9633463591818475e-5,8.930678997474055e-7,-6.02521335288389e-6,8,2.930783313554064e-4,124311905.98222499,2.3576046802573587e-12,-4.8468513979227535e-14,11457466.830583422,229743719.60107803,48491481.8490399,2.557967966995045e-11,-5.258765695747672e-13,2.5053803100375684e-11,1.4882204011660457e-9,-3.059538858321833e-11,1.4576250125828274e-9
7,d3,date_time,1.251203824313628e-4,3.426761850113009e-5,3.6512716057941565,4.209780206826462e-4,5.711740877235745e-5,1.9312335609036814e-4,1.0907027763333961e-4,8,date_time,-1.3166692803145364e-4,6.479933038915182e-6,-20.319180343489514,2.582961934404751e-43,-1.4447972258140257e-4,-1.1885413348150471e-4,-1.13321943538302e-4,8,2.2239222117164162e-4,124311905.98222499,1.7889856921946066e-12,-9.1159364537863e-13,11457466.830583422,229743719.60107803,48491481.8490399,1.9410243508452492e-11,-9.890663024728265e-12,9.519580483724228e-12,1.1292838985319381e-09,-5.75436701490476e-10,5.53847197041462e-10
7,d4,date_time,9.785695919121529e-5,4.3404456434748693e-5,2.254537142708532,0.02638827043729628,1.1722228015825263e-5,1.839916903666053e-4,8.18068543931921e-5,8,date_time,-1.7887947000894396e-4,5.8624861105996265e-6,-30.51256184394573,3.2546432293014747e-63,-1.9047138456052047e-4,-1.6728755545736745e-4,-1.6053448551579233e-4,8,2.4234133990898443e-4,124311905.98222499,1.9494620245275312e-12,-1.2913846364703531e-12,11457466.830583422,229743719.60107803,48491481.8490399,2.1151389176366855e-11,-1.4011341938802525e-11,7.1400472375643295e-12,1.2305833885109323e-9,-8.151769369315063e-10,4.1540645157942613e-10
7,d5,date_time,3.2119621342885786e-4,4.0817719196857924e-5,7.869038734863534,4.822045680331352e-12,2.4019477811542723e-4,4.021976487422885e-4,3.0514610863083464e-4,8,date_time,-2.777705512605895e-4,6.73875613020496e-6,-41.21985510286468,1.8827703162282502e-79,-2.9109511762570427e-4,-2.644459848954748e-4,-2.5942556676743786e-4,8,5.645716753982725e-4,124311905.98222499,4.541573640412198e-12,-2.0868923593250384e-12,11457466.830583422,229743719.60107803,48491481.8490399,4.927543616284021e-11,-2.264248900768825e-11,2.6632947155151958e-11,2.866834546800092e-9,-1.3173352641317443e-9,1.5494992826683477e-9
7,d6,date_time,3.7599442552888393e-4,3.709236425096114e-5,10.136706923963228,6.113068286835094e-17,3.0238583586207764e-4,4.496030151956902e-4,3.5994432073086077e-4,8,date_time,-2.0704894913708903e-4,4.569503953449047e-6,-45.311034030468264,9.800230351618951e-85,-2.1608424548955315e-4,-1.9801365278462491e-4,-1.887039646439374e-4,8,5.486482853747981e-4,124311905.98222499,4.413481404212786e-12,-1.5179878640982277e-12,11457466.830583422,229743719.60107803,48491481.8490399,4.788565338983056e-11,-1.6469955133557954e-11,3.1415698256272604e-11,2.7859772763936995e-9,-9.58218537226032e-10,1.8277587391676676e-9
8,a4,date_time,1.776188406693689e-5,3.2864393362308342e-6,5.404598183548922,9.782339611467922e-8,1.1306030812229595e-5,2.4217737321644185e-5,5.319642022571783e-5,8,date_time,-4.469224445166526e-5,9.048860208594576e-7,-49.389915880473794,9.620436539860028e-188,-4.647038697334055e-5,-4.291410192998997e-5,-2.8313371462630344e-5,8,8.150979168834817e-5,85337306.98173,9.551483937241976e-13,-3.31781872009296e-13,7891965.555410499,152578367.11379898,33413764.098559875,1.0328199117958321e-11,-3.5876197461631763e-12,6.740579371795145e-12,5.474202988374161e-10,-1.9015278957440273e-10,3.572675092630133e-10
8,b1,date_time,2.7329814983003113e-5,2.13197454060685e-6,12.81901564135184,5.219881468483862e-33,2.3141782474630324e-5,3.15178474913759e-5,6.276435114178405e-5,8,date_time,-8.9524502569313e-5,1.2033924535308273e-6,-74.39343857163355,1.9674576988163893e-261,-9.188922391825586e-5,-8.715978122037013e-5,-7.314562958027808e-5,8,1.3590998072206213e-4,85337306.98173,1.5926209242946854e-12,-8.571354331106083e-13,7891965.555410499,152578367.11379898,33413764.098559875,1.7221309414976634e-11,-9.268366551616739e-12,7.952942863359897e-12,9.127723273582378e-10,-4.912465309270406e-10,4.215257964311972e-10
8,c1,date_time,-3.4937685648721895e-5,2.4194921975443553e-6,-14.440090232232047,3.5869545622036054e-40,-3.9690515377254126e-5,-3.0184855920189668e-5,4.968505100590447e-7,8,date_time,-6.26322623522619e-5,1.1420035219800552e-6,-54.84419368835865,6.69965972401486e-206,-6.487635163591221e-5,-6.0388173068611585e-5,-4.625338936322698e-5,8,4.675023987328603e-5,85337306.98173,5.478288632109619e-13,-5.420066674136957e-13,7891965.555410499,152578367.11379898,33413764.098559875,5.923776471785972e-12,-5.86081997424799e-12,6.295649753798261e-14,3.139749194796863e-10,-3.1063806817556347e-10,3.3368513041228303e-12
